Device_ID,Timestamp,Steps,Heart_Rate,Calories_Burned,Exercise_Duration,Activity_Label,Activity_Confidence,Temperature,Location,Activity_Level,Gender,Age
Device_2,11/1/2024 0:00,1484,67,102,55,Walking,0.989358573,24.94301727,Gym,Low,Male,34
Device_1,11/1/2024 0:15,1255,102,197,40,Running,0.899634189,29.72017951,Track,Low,Female,26
Device_9,11/1/2024 0:52,149,104,277,35,Walking,0.876931912,28.69667513,Track,Low,Male,50
Device_7,11/1/2024 0:45,2940,98,426,16,Cycling,0.916501318,23.35311826,Classroom,Moderate,Male,37
Device_9,11/1/2024 0:48,3227,140,233,20,Walking,0.884524906,22.06029284,Park,Moderate,Male,30
Device_10,11/1/2024 1:55,1432,89,405,48,Running,0.986502583,28.14272596,Track,Low,Female,45
Device_9,11/1/2024 2:48,3713,164,144,51,Walking,0.888732756,28.84014198,Gym,Moderate,Male,46
Device_9,11/1/2024 3:09,4582,79,339,47,Running,0.980141183,26.55313856,Classroom,Moderate,Male,30
Device_6,11/1/2024 2:16,3781,110,230,51,Sedentary,0.860263245,24.85289034,Gym,Moderate,Male,63
Device_6,11/1/2024 2:15,3652,101,165,10,Running,0.962718495,21.81767149,Classroom,Moderate,Female,52
Device_8,11/1/2024 4:00,4548,132,60,53,Sedentary,0.874919998,29.40437366,Gym,Moderate,Male,23
Device_4,11/1/2024 4:24,1389,93,464,49,Walking,0.960152079,27.86875061,Classroom,Low,Male,35
Device_7,11/1/2024 2:00,1177,158,349,43,Cycling,0.924281705,20.47605656,Track,Low,Male,22
Device_5,11/1/2024 2:10,3039,159,357,51,Cycling,0.997110914,20.94060689,Gym,Moderate,Male,64
Device_10,11/1/2024 6:32,372,76,76,24,Sedentary,0.887446277,27.61003896,Track,Low,Female,42
Device_6,11/1/2024 7:15,2286,138,292,36,Walking,0.899341609,20.39149248,Classroom,Moderate,Male,19
Device_8,11/1/2024 5:04,1106,98,167,46,Sedentary,0.906738499,25.98448205,Gym,Low,Female,27
Device_4,11/1/2024 4:32,864,132,497,42,Cycling,0.874473357,29.01119119,Park,Low,Female,47
Device_8,11/1/2024 4:12,4063,168,180,57,Sedentary,0.906367809,26.83001637,Classroom,Moderate,Female,62
Device_7,11/1/2024 3:10,2585,143,430,23,Sedentary,0.984190838,29.90954211,Park,Moderate,Male,22
Device_1,11/1/2024 9:00,4919,148,122,52,Cycling,0.980826423,21.7341027,Park,Moderate,Female,50
Device_6,11/1/2024 5:15,3101,119,169,59,Running,0.862372775,22.10476997,Park,Moderate,Male,18
Device_2,11/1/2024 4:46,2869,63,216,44,Sedentary,0.923480811,25.71050641,Classroom,Moderate,Female,35
Device_10,11/1/2024 9:35,987,76,466,50,Walking,0.967466368,21.39227556,Track,Low,Female,49
Device_9,11/1/2024 7:36,84,87,386,15,Running,0.918816316,26.36973579,Gym,Low,Female,64
Device_7,11/1/2024 9:10,387,172,400,22,Cycling,0.958617632,28.41175445,Park,Low,Female,28
Device_10,11/1/2024 11:42,2991,169,374,42,Walking,0.887643422,23.70705222,Park,Moderate,Female,38
Device_7,11/1/2024 11:15,4984,150,206,46,Running,0.929502173,26.56603794,Park,Moderate,Female,43
Device_5,11/1/2024 9:48,1650,111,282,31,Sedentary,0.850309648,24.17971086,Park,Low,Female,42
Device_9,11/1/2024 4:50,3101,168,219,29,Sedentary,0.946061995,27.73763294,Classroom,Moderate,Female,39
Device_10,11/1/2024 14:30,919,133,151,50,Running,0.937351358,26.42468778,Track,Low,Male,44
Device_2,11/1/2024 8:47,118,145,293,56,Walking,0.873630559,23.96783917,Classroom,Low,Male,30
Device_2,11/1/2024 13:20,3780,83,222,23,Walking,0.974015281,24.41260606,Park,Moderate,Female,50
Device_4,11/1/2024 11:00,675,157,229,43,Cycling,0.933919234,22.03540119,Park,Low,Female,51
Device_1,11/1/2024 14:10,1572,80,66,17,Sedentary,0.868040084,25.83495959,Classroom,Low,Female,58
Device_3,11/1/2024 10:30,4578,146,71,53,Sedentary,0.951042059,29.16456557,Track,Moderate,Male,52
Device_6,11/1/2024 9:00,1368,131,495,54,Sedentary,0.901212129,28.4878848,Gym,Low,Female,18
Device_9,11/1/2024 9:15,1744,114,423,53,Walking,0.94174329,27.14499368,Track,Low,Male,38
Device_2,11/1/2024 10:08,4574,141,289,39,Running,0.877318694,22.66808605,Classroom,Moderate,Male,23
Device_1,11/1/2024 7:09,1911,131,232,22,Cycling,0.984413297,22.40818226,Gym,Low,Male,45
Device_2,11/1/2024 13:20,1334,116,198,26,Cycling,0.953142745,24.00148174,Track,Low,Male,34
Device_10,11/1/2024 15:02,3939,68,80,14,Sedentary,0.970580644,28.25516021,Classroom,Moderate,Male,22
Device_3,11/1/2024 21:00,648,92,152,26,Running,0.884615338,23.24950434,Gym,Low,Female,48
Device_8,11/1/2024 20:47,4020,72,472,54,Walking,0.999008692,21.1000669,Park,Moderate,Female,22
Device_3,11/1/2024 18:20,3005,99,352,21,Running,0.92531769,23.07453177,Track,Moderate,Female,55
Device_3,11/1/2024 17:15,615,108,198,53,Sedentary,0.908281825,27.59182119,Classroom,Low,Female,20
Device_7,11/1/2024 13:48,2188,121,231,20,Cycling,0.931937054,20.88451915,Gym,Moderate,Female,40
Device_9,11/1/2024 11:45,3673,118,298,54,Walking,0.897518821,28.97983177,Classroom,Moderate,Male,54
Device_6,11/1/2024 18:24,3305,156,497,26,Cycling,0.897791535,24.54416587,Classroom,Moderate,Female,54
Device_10,11/1/2024 21:14,980,148,399,19,Walking,0.980617424,29.41093259,Gym,Low,Female,27
Device_6,11/1/2024 21:40,1386,130,50,35,Sedentary,0.883733659,22.28096289,Classroom,Low,Male,27
Device_2,11/2/2024 1:30,3538,122,102,37,Walking,0.971770001,28.60255206,Classroom,Moderate,Female,36
Device_5,11/1/2024 22:32,4726,157,451,31,Walking,0.951211615,20.56038562,Gym,Moderate,Male,34
Device_6,11/1/2024 22:58,1313,107,147,39,Sedentary,0.905275587,28.74364804,Track,Low,Female,38
Device_2,11/1/2024 15:18,1562,118,467,23,Cycling,0.892015764,23.3080722,Gym,Low,Male,31
Device_1,11/1/2024 18:20,2015,168,454,23,Running,0.990337958,23.01083152,Track,Moderate,Female,26
Device_2,11/1/2024 10:16,2813,139,162,18,Running,0.984643476,29.59227461,Park,Moderate,Female,63
Device_7,11/2/2024 1:39,2551,112,440,41,Cycling,0.880453614,27.79907196,Gym,Moderate,Male,18
Device_9,11/1/2024 12:34,3038,177,247,21,Walking,0.901742947,26.79647966,Park,Moderate,Male,62
Device_9,11/1/2024 9:50,2934,99,401,48,Sedentary,0.924253087,23.61373467,Park,Moderate,Male,30
Device_10,11/1/2024 16:00,1175,75,318,25,Sedentary,0.967816486,22.32288304,Track,Low,Male,21
Device_6,11/2/2024 2:26,796,119,141,50,Sedentary,0.983202873,23.77926516,Park,Low,Male,18
Device_3,11/1/2024 12:24,3700,69,496,15,Running,0.873682009,28.59866295,Gym,Moderate,Male,57
Device_2,11/2/2024 2:15,3528,134,352,26,Sedentary,0.982593593,26.97319795,Classroom,Moderate,Male,49
Device_1,11/2/2024 3:44,2711,144,310,23,Cycling,0.880141241,21.79631129,Track,Moderate,Male,51
Device_4,11/2/2024 4:10,1179,179,436,53,Sedentary,0.869111196,23.07585859,Classroom,Low,Female,45
Device_4,11/2/2024 6:48,4926,153,297,30,Cycling,0.896045342,20.13982527,Gym,Moderate,Female,48
Device_10,11/1/2024 20:06,969,64,218,29,Walking,0.901254247,23.69867641,Gym,Low,Male,25
Device_2,11/2/2024 3:12,3307,92,267,44,Walking,0.990458525,27.35579049,Track,Moderate,Female,56
Device_2,11/1/2024 18:24,1485,130,125,17,Walking,0.974529108,28.78580735,Park,Low,Female,43
Device_2,11/1/2024 23:20,621,167,344,12,Walking,0.973204515,25.97288425,Gym,Low,Female,51
Device_6,11/2/2024 0:51,1237,90,86,43,Cycling,0.975343145,26.95697592,Track,Low,Female,20
Device_9,11/2/2024 0:00,2555,161,252,12,Sedentary,0.870436536,23.96017354,Park,Moderate,Male,29
Device_1,11/2/2024 8:51,3111,95,69,59,Running,0.933613363,24.63540179,Track,Moderate,Female,18
Device_8,11/2/2024 10:32,4798,168,233,10,Running,0.969751,26.27941416,Track,Moderate,Male,61
Device_2,11/1/2024 16:15,1248,99,313,21,Walking,0.956457153,28.62517766,Classroom,Low,Female,22
Device_7,11/2/2024 0:04,2468,95,428,59,Sedentary,0.888997933,20.3407048,Classroom,Moderate,Female,47
Device_10,11/2/2024 5:31,251,119,285,21,Sedentary,0.937253905,20.81185348,Park,Low,Female,47
Device_8,11/1/2024 15:36,1563,134,435,40,Walking,0.957095804,26.87630004,Classroom,Low,Male,34
Device_2,11/2/2024 6:17,527,62,415,51,Cycling,0.923728772,24.98303864,Track,Low,Female,64
Device_10,11/2/2024 1:20,1692,113,177,28,Cycling,0.854031362,29.24127334,Classroom,Low,Male,40
Device_4,11/2/2024 0:18,932,94,292,11,Walking,0.853390879,29.12990772,Track,Low,Female,32
Device_4,11/2/2024 12:54,3883,101,68,59,Cycling,0.864253853,28.51100697,Track,Moderate,Male,54
Device_3,11/1/2024 22:08,3192,99,438,10,Running,0.890357299,27.90415763,Park,Moderate,Female,38
Device_5,11/2/2024 16:36,102,144,478,54,Running,0.919038874,22.13108855,Track,Low,Male,31
Device_3,11/1/2024 17:00,4817,152,203,17,Sedentary,0.911964171,20.65076962,Track,Moderate,Male,19
Device_2,11/1/2024 22:56,80,70,285,30,Sedentary,0.949003681,25.34219192,Gym,Low,Female,28
Device_2,11/2/2024 0:39,4990,103,316,24,Sedentary,0.878157601,24.6035048,Park,Moderate,Male,56
Device_7,11/2/2024 3:52,3689,64,230,35,Cycling,0.888125183,27.15346869,Track,Moderate,Female,55
Device_10,11/2/2024 13:05,3317,147,422,34,Running,0.895628076,26.94618151,Track,Moderate,Female,51
Device_10,11/1/2024 18:00,2663,69,402,28,Cycling,0.940369335,20.31860395,Gym,Moderate,Female,55
Device_4,11/2/2024 9:22,785,90,448,48,Running,0.869069168,23.64077041,Classroom,Low,Female,51
Device_6,11/2/2024 5:08,2334,94,228,14,Cycling,0.935846678,23.01435724,Gym,Moderate,Female,35
Device_5,11/1/2024 20:09,3806,174,262,29,Walking,0.929473418,26.55810011,Classroom,Moderate,Female,47
Device_6,11/2/2024 18:18,1184,124,346,34,Cycling,0.954402489,22.81967121,Park,Low,Female,32
Device_10,11/2/2024 2:55,3435,135,337,37,Walking,0.870738426,21.31003136,Track,Moderate,Female,44
Device_1,11/2/2024 8:00,4406,72,293,26,Cycling,0.987056223,24.03919356,Classroom,Moderate,Female,51
Device_10,11/3/2024 0:30,3270,114,254,35,Walking,0.938653984,20.86701889,Park,Moderate,Female,55
Device_10,11/1/2024 21:14,852,96,214,35,Walking,0.924707893,20.69731116,Gym,Low,Female,50
Device_6,11/2/2024 2:24,4895,69,354,19,Walking,0.948319,26.09617571,Track,Moderate,Male,41
Device_2,11/2/2024 9:20,3404,106,354,48,Running,0.902822199,23.94127651,Track,Moderate,Male,32
Device_8,11/2/2024 13:02,3416,119,90,40,Sedentary,0.904002237,24.15756437,Gym,Moderate,Female,47
Device_2,11/1/2024 18:42,3894,131,446,41,Cycling,0.979176945,23.81687252,Classroom,Moderate,Female,59
Device_10,11/2/2024 17:12,3905,136,355,13,Walking,0.876173749,20.91562647,Track,Moderate,Female,34
Device_6,11/1/2024 20:48,1937,168,84,24,Sedentary,0.977453307,29.13121711,Park,Low,Female,22
Device_3,11/2/2024 18:00,2124,130,446,25,Running,0.865975886,21.91408794,Park,Moderate,Female,46
Device_3,11/2/2024 0:44,4652,126,378,43,Sedentary,0.923653559,23.23478815,Track,Moderate,Female,21
Device_7,11/2/2024 13:27,1800,140,434,20,Walking,0.937433013,25.79979289,Park,Low,Female,27
Device_9,11/2/2024 8:24,1747,169,315,38,Cycling,0.977379431,27.19384037,Gym,Low,Female,34
Device_10,11/2/2024 17:47,4712,173,169,48,Cycling,0.97402883,24.33872392,Track,Moderate,Male,27
Device_4,11/2/2024 5:20,3529,102,101,20,Walking,0.873825546,24.42809169,Gym,Moderate,Female,34
Device_7,11/1/2024 20:21,4233,135,212,18,Walking,0.997448549,23.738178,Classroom,Moderate,Male,37
Device_4,11/2/2024 4:00,4659,108,123,14,Walking,0.904801094,26.71701492,Park,Moderate,Female,41
Device_2,11/2/2024 11:47,2649,177,234,12,Sedentary,0.911093225,25.70139621,Classroom,Moderate,Female,22
Device_2,11/2/2024 2:36,4604,144,207,51,Sedentary,0.854955603,26.30838758,Track,Moderate,Male,51
Device_9,11/2/2024 14:20,4491,80,216,42,Walking,0.898529945,25.67670067,Track,Moderate,Female,23
Device_10,11/3/2024 2:16,2109,74,223,46,Sedentary,0.958992601,22.23642066,Gym,Moderate,Male,19
Device_3,11/2/2024 18:54,3099,90,140,13,Walking,0.869300518,24.59981952,Classroom,Moderate,Female,30
Device_5,11/2/2024 5:30,2610,77,492,30,Walking,0.98991821,23.49190356,Track,Moderate,Female,60
Device_6,11/2/2024 9:43,3393,60,198,25,Walking,0.942523357,28.87252927,Track,Moderate,Male,60
Device_7,11/3/2024 4:00,4609,65,66,17,Walking,0.918703502,27.12103717,Track,Moderate,Female,28
Device_8,11/2/2024 12:18,3205,88,116,58,Walking,0.863228501,25.66321765,Track,Moderate,Male,64
Device_2,11/2/2024 12:36,1590,166,72,54,Walking,0.97918984,23.95782212,Gym,Low,Female,40
Device_9,11/2/2024 19:03,4936,108,437,46,Running,0.897202909,26.28489417,Gym,Moderate,Male,33
Device_6,11/3/2024 1:36,1123,136,359,55,Running,0.932991737,20.98429682,Classroom,Low,Male,48
Device_7,11/2/2024 17:40,1924,92,213,56,Running,0.88866845,21.91802367,Track,Low,Female,28
Device_2,11/2/2024 1:12,1769,76,154,21,Cycling,0.9696566,21.92909223,Track,Low,Female,33
Device_10,11/2/2024 18:20,1787,81,257,26,Cycling,0.922338828,24.20827028,Track,Low,Male,25
Device_10,11/1/2024 23:28,2018,84,383,13,Walking,0.896878747,24.30922318,Track,Moderate,Female,21
Device_9,11/3/2024 5:45,1661,89,177,40,Running,0.949613262,23.05371811,Gym,Low,Female,57
Device_1,11/2/2024 19:20,291,112,451,32,Walking,0.943485458,29.63987151,Track,Low,Female,21
Device_7,11/3/2024 0:02,4288,66,352,45,Cycling,0.999936673,20.49547706,Track,Moderate,Male,42
Device_3,11/1/2024 22:00,2505,73,250,14,Walking,0.851471994,26.08296385,Gym,Moderate,Male,20
Device_2,11/3/2024 14:04,96,66,116,38,Walking,0.919466071,26.03535108,Park,Low,Male,49
Device_3,11/3/2024 7:50,31,139,382,11,Walking,0.951999354,20.85680617,Park,Low,Male,20
Device_10,11/1/2024 22:30,4477,173,213,32,Running,0.896990877,23.60376016,Track,Moderate,Male,44
Device_9,11/3/2024 4:08,798,86,60,13,Sedentary,0.867705685,22.33758708,Park,Low,Male,46
Device_2,11/2/2024 23:57,1056,163,484,54,Cycling,0.892955138,29.26588856,Gym,Low,Male,49
Device_4,11/2/2024 22:00,2941,89,106,22,Walking,0.883234273,25.12366809,Track,Moderate,Male,36
Device_5,11/2/2024 6:07,255,126,448,43,Running,0.943156266,26.88035002,Classroom,Low,Male,38
Device_8,11/3/2024 22:00,927,125,50,31,Cycling,0.881396082,27.57293825,Classroom,Low,Female,22
Device_8,11/2/2024 4:12,1290,74,395,43,Cycling,0.876973696,20.43982406,Track,Low,Male,35
Device_3,11/3/2024 15:54,3833,137,447,54,Running,0.873614847,22.05155009,Track,Moderate,Female,45
Device_10,11/2/2024 2:13,3627,160,393,15,Sedentary,0.999039694,29.17034443,Park,Moderate,Female,59
Device_1,11/3/2024 4:48,3196,129,101,21,Sedentary,0.980533164,26.05246075,Gym,Moderate,Female,39
Device_4,11/3/2024 0:20,4380,81,381,22,Running,0.974910728,21.21359752,Park,Moderate,Male,38
Device_6,11/3/2024 0:40,2596,141,129,24,Walking,0.875993596,26.9280537,Classroom,Moderate,Male,23
Device_8,11/3/2024 13:15,4006,151,252,53,Sedentary,0.96273383,27.47633459,Track,Moderate,Male,18
Device_5,11/2/2024 17:56,2155,124,213,20,Running,0.853692133,27.36208966,Gym,Moderate,Male,22
Device_7,11/2/2024 15:44,557,161,497,29,Sedentary,0.950528815,25.63570781,Gym,Low,Female,58
Device_8,11/3/2024 4:30,3096,174,108,25,Cycling,0.914992004,22.33572669,Park,Moderate,Male,29
Device_9,11/3/2024 14:55,3680,124,401,22,Walking,0.968040915,28.99832628,Gym,Moderate,Male,43
Device_9,11/3/2024 2:40,1835,96,394,27,Walking,0.978398303,29.97918602,Park,Low,Male,63
Device_8,11/2/2024 19:21,3245,64,55,19,Walking,0.920158484,26.01241833,Track,Moderate,Male,51
Device_8,11/3/2024 0:46,604,146,349,21,Walking,0.908459401,23.79842166,Gym,Low,Male,31
Device_8,11/3/2024 1:05,4292,82,313,44,Sedentary,0.980696347,25.32811104,Gym,Moderate,Female,43
Device_7,11/3/2024 4:00,1975,100,215,34,Cycling,0.931207146,29.87006744,Gym,Low,Male,62
Device_6,11/2/2024 15:15,4162,116,138,40,Sedentary,0.904996168,21.24381345,Park,Moderate,Female,44
Device_2,11/4/2024 7:00,4283,65,267,54,Walking,0.87502181,28.58099284,Classroom,Moderate,Male,26
Device_6,11/3/2024 5:00,653,134,211,18,Running,0.971196113,28.25497974,Park,Low,Female,43
Device_10,11/4/2024 5:20,2279,130,270,38,Sedentary,0.915815178,27.79645161,Park,Moderate,Male,64
Device_3,11/3/2024 2:59,4010,158,387,16,Cycling,0.856358552,23.73689752,Park,Moderate,Male,39
Device_1,11/4/2024 9:00,3779,113,153,10,Walking,0.891158293,23.75341761,Gym,Moderate,Female,64
Device_3,11/3/2024 6:20,4924,101,298,39,Sedentary,0.883683981,29.75273119,Park,Moderate,Female,47
Device_2,11/2/2024 3:20,1833,69,337,36,Walking,0.913714517,28.30660904,Classroom,Low,Female,60
Device_3,11/3/2024 7:00,960,103,413,10,Walking,0.855053449,28.01343258,Classroom,Low,Male,34
Device_7,11/3/2024 23:56,4127,82,63,23,Running,0.875431601,24.27545655,Gym,Moderate,Female,43
Device_9,11/2/2024 9:24,3967,124,148,45,Running,0.982526398,28.40761232,Gym,Moderate,Male,53
Device_1,11/3/2024 10:48,2843,74,335,36,Running,0.892923608,20.41196309,Gym,Moderate,Male,18
Device_9,11/3/2024 19:36,4974,177,132,15,Cycling,0.985250839,21.4828614,Park,Moderate,Female,25
Device_9,11/3/2024 22:50,2354,123,375,32,Walking,0.969690541,27.72559838,Gym,Moderate,Female,52
Device_9,11/4/2024 2:06,145,142,370,18,Running,0.941475119,25.95435967,Classroom,Low,Male,32
Device_6,11/2/2024 21:52,4827,95,491,45,Sedentary,0.863658799,22.66952464,Park,Moderate,Male,64
Device_2,11/2/2024 10:36,4966,162,119,38,Cycling,0.905512984,28.58011473,Park,Moderate,Female,39
Device_8,11/2/2024 10:48,4025,110,200,29,Sedentary,0.967413297,24.23058877,Track,Moderate,Female,31
Device_10,11/2/2024 22:40,4373,94,441,43,Sedentary,0.979889369,27.26612498,Track,Moderate,Female,43
Device_10,11/4/2024 4:16,1521,109,423,40,Sedentary,0.91426044,25.06513865,Classroom,Low,Male,45
Device_9,11/2/2024 14:21,436,95,474,11,Running,0.961137046,28.5933006,Gym,Low,Male,40
Device_5,11/4/2024 2:10,1427,65,128,51,Cycling,0.8611156,20.40204638,Park,Low,Male,31
Device_1,11/4/2024 17:30,2908,150,351,29,Sedentary,0.856994729,21.60845267,Classroom,Moderate,Male,41
Device_6,11/4/2024 0:00,4645,78,199,28,Walking,0.851209894,24.62674829,Classroom,Moderate,Male,19
Device_9,11/2/2024 18:14,4301,150,87,49,Walking,0.889145674,24.25998596,Track,Moderate,Male,62
Device_8,11/3/2024 21:46,3189,74,309,12,Sedentary,0.925708768,28.63458952,Classroom,Moderate,Female,43
Device_7,11/2/2024 15:39,341,148,412,10,Sedentary,0.915100043,26.07092092,Track,Low,Male,31
Device_4,11/2/2024 15:52,1421,111,313,22,Running,0.957996721,27.64881363,Gym,Low,Male,24
Device_9,11/3/2024 13:40,605,103,331,49,Walking,0.918330485,25.15064661,Gym,Low,Male,20
Device_4,11/4/2024 17:54,3546,82,427,28,Cycling,0.96039054,21.71086868,Park,Moderate,Female,64
Device_6,11/4/2024 12:09,2698,101,119,45,Running,0.933397532,21.93693047,Park,Moderate,Male,40
Device_7,11/4/2024 12:36,749,80,449,36,Cycling,0.896414788,21.0895255,Park,Low,Male,63
Device_6,11/4/2024 13:03,771,176,259,18,Sedentary,0.910567919,26.60699567,Park,Low,Female,60
Device_7,11/3/2024 18:30,2738,126,137,37,Walking,0.999925606,24.8847376,Park,Moderate,Male,64
Device_1,11/3/2024 22:02,3869,152,152,46,Sedentary,0.913238729,22.281634,Classroom,Moderate,Male,62
Device_2,11/4/2024 17:36,3149,151,427,18,Sedentary,0.92112413,27.57294137,Classroom,Moderate,Male,35
Device_3,11/3/2024 6:41,2194,95,360,20,Sedentary,0.908440501,26.24948468,Track,Moderate,Male,55
Device_2,11/3/2024 10:12,2067,139,242,48,Walking,0.877890683,21.62106636,Gym,Moderate,Male,52
Device_8,11/3/2024 10:30,21,138,318,32,Sedentary,0.924254381,26.58118191,Classroom,Low,Female,32
Device_7,11/3/2024 20:36,593,126,139,16,Running,0.99841864,27.20020983,Park,Low,Female,42
Device_10,11/4/2024 6:48,962,82,175,58,Sedentary,0.914667154,27.832462,Gym,Low,Female,54
Device_2,11/5/2024 3:00,4139,168,233,44,Cycling,0.852637465,29.69470453,Gym,Moderate,Male,45
Device_9,11/3/2024 8:23,1878,124,282,38,Cycling,0.997820618,22.35291439,Park,Low,Male,27
Device_10,11/3/2024 8:40,2356,124,445,11,Running,0.890633923,23.79413953,Track,Moderate,Male,56
Device_7,11/4/2024 11:45,2626,90,221,35,Cycling,0.918579432,21.59318585,Gym,Moderate,Female,34
Device_2,11/2/2024 16:24,1242,149,406,34,Sedentary,0.927925842,28.47442737,Park,Low,Male,56
Device_2,11/4/2024 15:58,3153,139,220,36,Running,0.867824463,28.29805384,Gym,Moderate,Male,39
Device_6,11/3/2024 9:48,3392,127,268,47,Sedentary,0.897651198,26.93486077,Track,Moderate,Female,43
Device_6,11/4/2024 16:50,137,161,297,23,Sedentary,0.96305786,21.42468774,Gym,Low,Male,61
Device_3,11/4/2024 0:06,3335,101,70,31,Sedentary,0.96503129,26.69490632,Track,Moderate,Female,42
Device_1,11/5/2024 4:03,1464,115,61,19,Cycling,0.866729957,25.3891127,Park,Low,Female,34
Device_6,11/3/2024 0:32,4794,151,376,34,Walking,0.882831751,20.29965608,Park,Moderate,Female,30
Device_2,11/2/2024 21:17,193,118,137,52,Running,0.853485077,29.77015013,Track,Low,Male,37
Device_3,11/2/2024 21:30,3160,127,432,54,Walking,0.956577516,25.94296221,Gym,Moderate,Male,42
Device_7,11/4/2024 22:57,4187,99,429,58,Running,0.906021593,29.81841945,Park,Moderate,Male,21
Device_6,11/4/2024 23:24,3768,165,96,26,Walking,0.989962346,20.6108338,Track,Moderate,Male,27
Device_2,11/5/2024 6:57,2187,78,316,26,Running,0.939596577,22.80977178,Track,Moderate,Male,20
Device_7,11/3/2024 12:38,3043,145,122,21,Running,0.901770613,26.44380528,Park,Moderate,Male,58
Device_8,11/4/2024 3:15,2531,84,435,58,Running,0.946919169,22.2088266,Gym,Moderate,Male,62
Device_5,11/4/2024 21:36,508,62,76,26,Running,0.885633311,28.29775259,Classroom,Low,Female,35
Device_7,11/4/2024 14:48,1449,138,256,15,Sedentary,0.979603149,20.61418764,Classroom,Low,Male,64
Device_2,11/3/2024 2:52,989,130,286,49,Sedentary,0.967815034,21.20725907,Gym,Low,Female,53
Device_5,11/4/2024 22:54,1955,179,52,35,Running,0.977573717,21.89757864,Track,Low,Male,64
Device_9,11/4/2024 5:00,4515,94,219,48,Walking,0.886140492,20.63523225,Track,Moderate,Male,39
Device_4,11/3/2024 21:59,1144,144,300,54,Cycling,0.863597995,29.06975996,Park,Low,Male,51
Device_10,11/2/2024 13:00,2355,131,346,43,Cycling,0.861214823,29.52402749,Classroom,Moderate,Female,64
Device_10,11/5/2024 4:21,2246,124,197,41,Running,0.86404709,25.9924382,Classroom,Moderate,Female,25
Device_9,11/2/2024 17:04,3193,121,216,30,Sedentary,0.918945341,27.80585635,Gym,Moderate,Female,57
Device_8,11/5/2024 16:30,447,91,213,47,Sedentary,0.981040672,25.28356186,Classroom,Low,Female,61
Device_10,11/5/2024 9:28,2882,143,313,33,Walking,0.979993582,27.23344496,Gym,Moderate,Male,36
Device_9,11/3/2024 1:11,3764,100,160,32,Running,0.926366152,28.81573446,Gym,Moderate,Female,59
Device_1,11/4/2024 23:00,2768,177,225,32,Cycling,0.910309288,24.74166803,Classroom,Moderate,Male,58
Device_9,11/4/2024 19:36,2687,116,331,16,Running,0.940699929,29.96603229,Classroom,Moderate,Male,54
Device_9,11/5/2024 3:40,3996,175,290,27,Running,0.937432368,28.11330739,Track,Moderate,Female,23
Device_3,11/5/2024 4:06,219,79,496,17,Running,0.855460923,24.55860125,Park,Low,Female,43
Device_2,11/2/2024 14:40,118,83,250,36,Running,0.881550759,25.22231217,Gym,Low,Female,51
Device_1,11/3/2024 18:01,4332,160,245,59,Cycling,0.872475141,29.81845259,Track,Moderate,Female,62
Device_2,11/5/2024 17:06,1648,90,53,22,Cycling,0.979229543,28.39400166,Gym,Low,Female,23
Device_7,11/4/2024 2:25,4734,175,247,12,Cycling,0.924378371,21.31218586,Classroom,Moderate,Female,54
Device_3,11/3/2024 22:48,3075,108,101,35,Running,0.936913419,22.49328277,Gym,Moderate,Female,50
Device_4,11/3/2024 7:18,3203,85,82,39,Running,0.883646565,26.07709821,Gym,Moderate,Female,39
Device_4,11/3/2024 23:24,3687,169,345,47,Sedentary,0.899400935,25.5852874,Gym,Moderate,Male,38
Device_9,11/2/2024 23:48,4315,68,115,53,Running,0.894550295,26.06017146,Park,Moderate,Female,23
Device_3,11/5/2024 12:00,4096,64,340,16,Walking,0.959479888,22.80759943,Track,Moderate,Female,23
Device_2,11/5/2024 20:29,754,120,106,36,Walking,0.86268908,24.41458998,Classroom,Low,Male,21
Device_10,11/2/2024 16:20,4590,156,156,41,Sedentary,0.992335092,24.99782273,Classroom,Moderate,Female,47
Device_7,11/2/2024 16:30,1408,139,277,58,Walking,0.867970305,25.42248201,Park,Low,Male,28
Device_3,11/4/2024 17:28,2364,116,152,29,Walking,0.899090962,21.45894132,Park,Moderate,Male,47
Device_9,11/5/2024 18:20,2951,105,207,51,Sedentary,0.878710335,29.99351759,Track,Moderate,Female,48
Device_10,11/5/2024 2:24,2027,95,103,39,Walking,0.940448908,28.43592028,Gym,Moderate,Male,41
Device_2,11/5/2024 6:55,247,95,264,20,Sedentary,0.98215221,29.37398453,Track,Low,Male,26
Device_6,11/6/2024 4:00,160,78,468,13,Cycling,0.867504833,22.23446341,Park,Low,Male,20
Device_4,11/6/2024 0:21,1710,142,156,28,Running,0.970691095,22.58195243,Park,Low,Male,48
Device_7,11/6/2024 0:50,4342,78,109,10,Cycling,0.980062531,22.33825108,Gym,Moderate,Female,57
Device_2,11/5/2024 0:13,359,145,293,33,Running,0.988870202,25.7451944,Classroom,Low,Male,54
Device_7,11/4/2024 20:24,2539,83,362,32,Running,0.990962586,20.43870717,Classroom,Moderate,Female,53
Device_3,11/3/2024 19:28,986,133,130,24,Walking,0.984538972,26.44460051,Track,Low,Male,41
Device_3,11/2/2024 22:34,26,145,446,13,Cycling,0.979163585,26.82320154,Park,Low,Male,48
Device_8,11/3/2024 20:00,1793,99,456,12,Cycling,0.971349193,24.69518976,Classroom,Low,Male,23
Device_2,11/5/2024 6:24,1974,163,372,29,Sedentary,0.864460837,21.1594362,Gym,Low,Male,19
Device_4,11/4/2024 13:40,1784,120,338,34,Sedentary,0.951368717,27.50907455,Track,Low,Female,37
Device_2,11/5/2024 7:12,674,139,155,26,Sedentary,0.978726333,20.77700276,Classroom,Low,Female,45
Device_2,11/6/2024 9:30,995,140,138,27,Running,0.865941476,27.85580215,Gym,Low,Male,28
Device_5,11/3/2024 21:20,4278,113,289,12,Sedentary,0.979695336,28.48385985,Gym,Moderate,Male,21
Device_4,11/5/2024 12:45,412,87,75,22,Cycling,0.957281351,29.97988992,Track,Low,Female,32
Device_8,11/5/2024 21:54,2407,78,407,45,Running,0.995552319,23.29633251,Classroom,Moderate,Male,23
Device_2,11/5/2024 17:58,786,74,268,28,Walking,0.868053363,26.41593489,Classroom,Low,Male,47
Device_9,11/5/2024 18:24,227,164,449,10,Sedentary,0.95178648,26.21974111,Gym,Low,Male,55
Device_7,11/6/2024 8:05,61,154,225,33,Cycling,0.897999966,20.94202755,Classroom,Low,Female,19
Device_3,11/3/2024 22:56,2138,122,345,28,Running,0.988344194,20.43639881,Classroom,Moderate,Female,32
Device_2,11/3/2024 9:51,2399,90,103,54,Walking,0.951698499,28.35165338,Classroom,Moderate,Female,28
Device_10,11/4/2024 3:56,2243,132,295,45,Walking,0.914489138,20.50155663,Park,Moderate,Male,25
Device_3,11/6/2024 14:30,4874,117,253,29,Running,0.882604451,28.68488701,Gym,Moderate,Male,43
Device_5,11/4/2024 18:00,4717,132,454,38,Sedentary,0.876217863,23.78020925,Park,Moderate,Female,62
Device_7,11/4/2024 18:20,1175,163,74,47,Sedentary,0.869782111,28.16961128,Classroom,Low,Female,61
Device_10,11/3/2024 10:56,4541,78,485,28,Cycling,0.908087679,25.80767241,Gym,Moderate,Female,22
Device_7,11/5/2024 4:06,3212,104,414,34,Walking,0.91565528,28.5177238,Track,Moderate,Female,23
Device_1,11/3/2024 2:14,4887,73,408,21,Sedentary,0.941678164,20.76492003,Gym,Moderate,Male,43
Device_7,11/6/2024 3:45,4098,136,407,14,Walking,0.950880885,27.99764441,Classroom,Moderate,Female,21
Device_7,11/4/2024 1:36,3266,167,373,46,Running,0.978927454,28.27833869,Gym,Moderate,Male,36
Device_4,11/4/2024 6:29,393,114,187,45,Cycling,0.947578049,20.93469196,Park,Low,Female,37
Device_3,11/5/2024 5:56,4728,167,188,28,Walking,0.875861527,27.49620008,Gym,Moderate,Male,50
Device_8,11/4/2024 16:21,4016,144,131,17,Running,0.934912255,22.11356913,Park,Moderate,Female,37
Device_5,11/5/2024 20:40,1959,112,289,50,Sedentary,0.891668869,23.18802205,Gym,Low,Female,29
Device_5,11/2/2024 22:50,3132,176,212,29,Sedentary,0.943788813,28.02007797,Classroom,Moderate,Female,64
Device_6,11/5/2024 21:30,2634,68,116,35,Running,0.924060153,28.28636197,Track,Moderate,Female,18
Device_2,11/4/2024 3:28,3753,75,210,36,Cycling,0.971875098,26.1026045,Classroom,Moderate,Male,43
Device_8,11/5/2024 3:24,3314,143,310,50,Cycling,0.956821857,27.31535336,Park,Moderate,Female,31
Device_10,11/6/2024 8:15,4631,113,331,13,Sedentary,0.965344342,24.21118738,Track,Moderate,Male,55
Device_2,11/4/2024 23:20,3617,88,328,18,Running,0.97680077,23.02247301,Classroom,Moderate,Male,54
Device_4,11/3/2024 18:58,74,62,271,33,Walking,0.976680666,27.47106983,Park,Low,Male,28
Device_9,11/5/2024 14:24,2663,156,308,38,Cycling,0.883668643,28.47819275,Park,Moderate,Male,53
Device_6,11/5/2024 5:09,1901,170,88,56,Cycling,0.946695426,29.06523405,Park,Low,Female,30
Device_3,11/3/2024 10:00,4535,68,264,28,Walking,0.995844505,22.11986194,Gym,Moderate,Male,60
Device_7,11/5/2024 20:24,1865,166,379,44,Cycling,0.923591609,29.72117615,Gym,Low,Male,20
Device_5,11/3/2024 20:08,1489,114,75,38,Sedentary,0.966616607,29.26649918,Classroom,Low,Male,50
Device_10,11/4/2024 15:54,280,70,283,11,Cycling,0.943400428,22.17243847,Classroom,Low,Female,23
Device_1,11/6/2024 2:30,1919,72,251,51,Walking,0.901633783,24.77586,Park,Low,Female,27
Device_3,11/6/2024 12:45,3649,155,389,17,Sedentary,0.868375947,27.77022159,Gym,Moderate,Female,22
Device_2,11/5/2024 7:36,1917,150,282,11,Cycling,0.937630826,22.36550689,Park,Low,Female,40
Device_1,11/3/2024 11:24,4459,144,256,38,Walking,0.952497598,22.7761016,Track,Moderate,Male,27
Device_4,11/5/2024 18:14,1215,84,379,29,Walking,0.910415415,26.4890452,Track,Low,Male,61
Device_8,11/3/2024 6:49,4489,108,283,56,Sedentary,0.932234461,28.89777461,Park,Moderate,Female,19
Device_10,11/6/2024 15:00,135,160,230,39,Running,0.867277577,24.76976588,Gym,Low,Male,30
Device_6,11/6/2024 10:26,3788,154,400,37,Sedentary,0.97160035,20.21212655,Gym,Moderate,Male,57
Device_9,11/7/2024 1:58,3137,64,245,32,Running,0.863140709,24.99314824,Park,Moderate,Male,19
Device_3,11/5/2024 20:09,3160,147,268,58,Cycling,0.9628965,24.63812622,Gym,Moderate,Female,37
Device_10,11/5/2024 20:32,206,138,68,40,Running,0.943143343,23.494339,Classroom,Low,Female,18
Device_8,11/5/2024 0:35,3133,152,238,28,Sedentary,0.99795637,29.6487064,Gym,Moderate,Male,54
Device_4,11/6/2024 17:42,2924,93,326,39,Walking,0.98060339,29.50864638,Track,Moderate,Female,26
Device_4,11/4/2024 14:59,4360,158,202,33,Sedentary,0.890902593,23.56860862,Gym,Moderate,Female,34
Device_3,11/3/2024 8:28,982,126,413,28,Walking,0.99181447,20.35206294,Track,Low,Female,26
Device_2,11/3/2024 8:39,3694,175,247,45,Cycling,0.955692223,24.74707992,Classroom,Moderate,Female,28
Device_7,11/6/2024 14:20,1988,174,313,34,Cycling,0.957672116,25.85683043,Park,Low,Female,32
Device_2,11/4/2024 21:18,893,153,316,43,Walking,0.973058306,26.20715737,Gym,Low,Male,41
Device_9,11/6/2024 15:12,2459,132,441,27,Cycling,0.916853326,20.41149838,Gym,Moderate,Female,55
Device_9,11/3/2024 19:49,3745,117,147,15,Walking,0.939817032,29.42619363,Gym,Moderate,Male,52
Device_1,11/5/2024 8:40,1905,95,231,50,Walking,0.93486153,29.33562964,Gym,Low,Male,47
Device_3,11/3/2024 15:00,1315,151,410,44,Walking,0.996082949,29.54766059,Gym,Low,Female,48
Device_10,11/6/2024 16:56,3154,132,407,42,Running,0.987191983,23.5926577,Park,Moderate,Male,22
Device_9,11/3/2024 20:41,3059,86,404,36,Cycling,0.942043896,22.11449063,Gym,Moderate,Male,61
Device_8,11/3/2024 20:54,4770,131,239,27,Sedentary,0.85124483,20.6513884,Gym,Moderate,Male,31
Device_10,11/3/2024 10:29,1191,177,232,41,Sedentary,0.851003849,27.85422954,Track,Low,Female,28
Device_7,11/7/2024 16:00,3598,83,344,45,Walking,0.869963946,29.40561353,Classroom,Moderate,Female,26
Device_4,11/4/2024 8:15,1071,72,392,34,Walking,0.953395143,26.67470409,Gym,Low,Male,51
Device_2,11/6/2024 14:10,1542,75,493,48,Running,0.912722045,23.41804468,Gym,Low,Female,29
Device_7,11/3/2024 16:36,2434,172,281,47,Sedentary,0.973671276,28.5153882,Gym,Moderate,Female,52
Device_2,11/6/2024 4:12,3333,94,372,34,Cycling,0.923148704,21.77349831,Track,Moderate,Female,52
Device_2,11/5/2024 17:45,3765,157,474,58,Cycling,0.999658626,23.72461414,Park,Moderate,Female,18
Device_7,11/4/2024 4:04,1814,103,477,11,Running,0.893035888,23.65924982,Park,Low,Male,57
Device_7,11/6/2024 21:42,3791,151,62,29,Walking,0.889732359,27.08222617,Gym,Moderate,Male,39
Device_4,11/3/2024 17:36,4398,171,316,47,Running,0.90168409,26.27121896,Gym,Moderate,Female,46
Device_2,11/3/2024 17:48,1096,155,128,28,Running,0.956466025,23.96298582,Classroom,Low,Female,25
Device_2,11/5/2024 14:00,582,118,456,29,Cycling,0.92730518,24.17129924,Classroom,Low,Male,28
Device_8,11/7/2024 10:28,3548,167,423,29,Running,0.862528167,20.03816334,Park,Moderate,Male,58
Device_10,11/5/2024 3:36,1245,106,452,42,Walking,0.865029257,26.6205477,Classroom,Low,Female,54
Device_6,11/6/2024 7:39,3658,125,434,20,Sedentary,0.994794693,25.93748232,Track,Moderate,Male,31
Device_9,11/3/2024 13:14,4099,110,341,30,Walking,0.977804002,23.71100442,Gym,Moderate,Female,47
Device_3,11/4/2024 22:55,2998,82,456,36,Running,0.931963322,25.22837621,Park,Moderate,Female,52
Device_8,11/8/2024 0:00,1,81,285,44,Sedentary,0.873365655,23.59839536,Park,Low,Male,38
Device_7,11/3/2024 8:10,117,132,459,12,Running,0.869202193,26.94167515,Park,Low,Male,54
Device_4,11/7/2024 8:06,537,127,205,30,Walking,0.941104699,25.46289463,Track,Low,Female,22
Device_3,11/6/2024 4:18,321,136,146,49,Cycling,0.945841434,29.04288313,Track,Low,Female,36
Device_2,11/3/2024 8:40,4156,85,178,47,Sedentary,0.91936705,21.11951604,Classroom,Moderate,Male,31
Device_5,11/5/2024 0:37,1248,131,232,27,Walking,0.894886555,24.73246039,Gym,Low,Female,43
Device_10,11/4/2024 13:30,926,94,239,30,Cycling,0.894342899,28.87092721,Track,Low,Male,21
Device_9,11/4/2024 2:19,2335,162,86,21,Running,0.895836065,24.29977188,Classroom,Moderate,Female,42
Device_5,11/7/2024 16:32,4449,69,477,26,Walking,0.875443654,26.80104644,Classroom,Moderate,Male,62
Device_3,11/5/2024 1:45,597,134,472,49,Sedentary,0.929832691,26.65954115,Park,Low,Male,59
Device_6,11/3/2024 9:40,3173,91,136,29,Cycling,0.94214773,29.79503801,Classroom,Moderate,Male,42
Device_3,11/5/2024 2:19,3751,146,197,16,Running,0.915464961,24.91945022,Track,Moderate,Female,35
Device_1,11/7/2024 1:00,4384,162,313,33,Walking,0.917781714,25.11076407,Park,Moderate,Female,57
Device_4,11/5/2024 20:20,760,150,322,31,Walking,0.945791378,22.47952073,Gym,Low,Male,25
Device_5,11/4/2024 9:40,3573,106,422,49,Sedentary,0.919384395,28.14955393,Park,Moderate,Female,56
Device_3,11/6/2024 14:33,535,160,119,30,Running,0.853957958,27.27083618,Classroom,Low,Male,57
Device_8,11/8/2024 2:08,3153,88,305,23,Cycling,0.908608924,20.10612498,Park,Moderate,Male,31
Device_2,11/6/2024 3:33,436,95,275,57,Running,0.936319164,27.12460007,Track,Low,Female,49
Device_5,11/7/2024 9:24,1443,77,229,19,Running,0.955399173,29.53068877,Gym,Low,Female,55
Device_6,11/6/2024 22:00,4600,165,53,58,Cycling,0.906251013,21.24431275,Park,Moderate,Male,50
Device_4,11/6/2024 22:24,2844,128,78,37,Cycling,0.900029782,29.23538029,Track,Moderate,Female,40
Device_9,11/5/2024 17:03,400,84,392,17,Cycling,0.88822249,27.90401796,Classroom,Low,Female,32
Device_1,11/5/2024 11:24,1187,134,167,49,Cycling,0.875963823,28.50310925,Track,Low,Male,50
Device_1,11/3/2024 23:48,4221,121,443,56,Cycling,0.852059607,26.90387314,Track,Moderate,Male,42
Device_10,11/3/2024 18:00,1897,92,264,10,Sedentary,0.889631233,22.01715484,Park,Low,Female,34
Device_7,11/6/2024 12:22,4706,75,144,14,Walking,0.90853715,26.2794047,Track,Moderate,Male,50
Device_4,11/4/2024 12:28,2760,137,363,45,Sedentary,0.981044597,22.13892988,Gym,Moderate,Male,64
Device_9,11/6/2024 19:09,2353,74,405,30,Walking,0.960496629,28.14320978,Park,Moderate,Female,19
Device_8,11/5/2024 1:04,4358,101,72,37,Walking,0.955502026,20.66176854,Track,Moderate,Male,31
Device_2,11/8/2024 8:25,199,93,493,54,Sedentary,0.950374375,23.25362522,Gym,Low,Male,57
Device_7,11/4/2024 1:12,1314,95,207,23,Walking,0.913237585,21.03647013,Park,Low,Female,57
Device_8,11/7/2024 15:02,3617,139,55,32,Cycling,0.96450355,22.85230939,Track,Moderate,Female,56
Device_8,11/6/2024 14:56,385,169,323,59,Walking,0.894644568,25.85516275,Track,Low,Male,23
Device_5,11/8/2024 10:21,241,135,363,37,Sedentary,0.884618474,26.65504698,Track,Low,Male,23
Device_5,11/6/2024 3:20,940,90,104,47,Walking,0.990699389,24.98805717,Gym,Low,Female,20
Device_7,11/7/2024 4:24,1536,105,67,58,Running,0.886334148,27.63756125,Classroom,Low,Female,24
Device_10,11/7/2024 4:48,1519,115,341,24,Walking,0.931426597,29.96661437,Park,Low,Female,25
Device_2,11/7/2024 11:25,3354,100,134,40,Running,0.892282391,23.59797364,Classroom,Moderate,Female,59
Device_7,11/5/2024 16:12,2769,123,210,46,Cycling,0.878856499,26.16556424,Gym,Moderate,Male,32
Device_7,11/7/2024 12:15,4765,136,87,31,Running,0.94282038,22.07194084,Track,Moderate,Female,64
Device_3,11/6/2024 11:36,2804,102,124,56,Cycling,0.876454016,29.87571484,Track,Moderate,Female,46
Device_9,11/6/2024 5:40,4544,113,286,57,Sedentary,0.895109246,24.29261719,Track,Moderate,Male,50
Device_7,11/8/2024 8:24,821,173,89,42,Cycling,0.899351375,23.59121702,Classroom,Low,Female,47
Device_2,11/4/2024 16:26,1242,162,347,48,Cycling,0.958916546,21.99613783,Track,Low,Male,56
Device_1,11/6/2024 13:00,2530,174,276,40,Running,0.980257849,20.18311233,Classroom,Moderate,Female,44
Device_2,11/4/2024 16:54,4941,79,416,26,Cycling,0.866493457,25.14348268,Track,Moderate,Female,53
Device_5,11/3/2024 15:40,744,162,73,40,Sedentary,0.855087796,27.18718922,Park,Low,Female,46
Device_10,11/6/2024 20:26,3110,179,376,45,Cycling,0.967780096,21.17553675,Classroom,Moderate,Male,55
Device_6,11/4/2024 4:48,4178,160,283,22,Sedentary,0.902312768,21.74191491,Park,Moderate,Male,50
Device_10,11/8/2024 18:05,4190,130,383,10,Cycling,0.863864254,21.09808197,Classroom,Moderate,Female,54
Device_9,11/7/2024 3:58,3648,63,460,48,Walking,0.883026993,22.12209659,Park,Moderate,Male,44
Device_5,11/7/2024 23:42,1140,109,412,10,Running,0.958268495,29.81086491,Track,Low,Male,50
Device_9,11/8/2024 13:04,538,139,284,50,Walking,0.95825985,26.44864196,Track,Low,Male,21
Device_4,11/7/2024 18:05,452,139,132,18,Sedentary,0.908139935,21.28492919,Gym,Low,Male,39
Device_10,11/6/2024 23:00,1592,81,460,13,Running,0.945263354,21.94724942,Classroom,Low,Male,19
Device_4,11/3/2024 23:41,385,178,282,28,Walking,0.924682792,22.04667675,Track,Low,Male,27
Device_7,11/8/2024 1:52,996,136,441,21,Sedentary,0.969340412,25.52185301,Gym,Low,Female,22
Device_6,11/7/2024 19:45,4713,90,245,10,Walking,0.925615393,20.27551629,Classroom,Moderate,Female,27
Device_3,11/6/2024 11:20,973,133,383,49,Cycling,0.885851768,21.33223715,Park,Low,Male,50
Device_2,11/7/2024 0:50,81,153,152,32,Cycling,0.921111725,25.13863307,Classroom,Low,Female,55
Device_7,11/7/2024 1:12,1378,79,460,32,Cycling,0.98334653,25.78842353,Gym,Low,Female,30
Device_9,11/5/2024 16:29,4746,125,76,45,Cycling,0.980116816,23.89821939,Track,Moderate,Female,48
Device_8,11/6/2024 6:02,119,134,376,35,Cycling,0.895037842,29.89169922,Classroom,Low,Female,64
Device_3,11/8/2024 18:12,4748,157,236,31,Walking,0.919719986,28.88536421,Park,Moderate,Male,53
Device_10,11/8/2024 18:40,1296,123,152,32,Walking,0.942667845,22.66222345,Track,Low,Female,62
Device_1,11/7/2024 3:02,1392,156,236,50,Cycling,0.963153337,21.43588639,Park,Low,Female,41
Device_9,11/5/2024 17:54,1665,150,244,50,Running,0.891354656,21.92357268,Gym,Low,Male,32
Device_8,11/7/2024 3:46,4748,142,358,39,Walking,0.938371568,22.05600634,Track,Moderate,Male,46
Device_8,11/8/2024 13:48,1087,77,56,12,Sedentary,0.924856723,28.2606674,Classroom,Low,Female,25
Device_2,11/5/2024 18:45,3089,138,334,15,Running,0.9737626,23.08397194,Park,Moderate,Female,22
Device_2,11/6/2024 15:20,2075,105,371,59,Walking,0.907695679,20.32507602,Track,Moderate,Female,46
Device_1,11/8/2024 8:22,2735,127,294,51,Walking,0.980901639,20.90071662,Park,Moderate,Female,64
Device_8,11/8/2024 15:36,2694,102,423,53,Cycling,0.921744135,28.94371257,Gym,Moderate,Female,21
Device_7,11/6/2024 9:31,3367,91,391,52,Sedentary,0.995179311,21.88673471,Track,Moderate,Female,29
Device_6,11/8/2024 23:20,4228,70,418,15,Walking,0.946694385,23.2031722,Track,Moderate,Male,62
Device_10,11/8/2024 10:06,4002,90,295,36,Walking,0.912569687,23.37957309,Classroom,Moderate,Female,19
Device_5,11/9/2024 14:00,284,92,156,17,Running,0.918635457,21.34990697,Classroom,Low,Female,44
Device_5,11/8/2024 10:58,2366,110,260,36,Walking,0.953034323,27.08956132,Track,Moderate,Male,48
Device_9,11/9/2024 15:00,3213,154,110,56,Sedentary,0.928904063,22.22063809,Classroom,Moderate,Male,53
Device_1,11/9/2024 1:40,4630,68,162,35,Cycling,0.920813102,29.12149739,Gym,Moderate,Male,53
Device_2,11/3/2024 21:20,1375,140,489,53,Walking,0.895436428,23.35240487,Gym,Low,Male,43
Device_6,11/4/2024 4:27,3044,104,380,31,Sedentary,0.992059278,22.47263728,Classroom,Moderate,Female,60
Device_6,11/5/2024 15:28,4020,101,202,42,Running,0.89839747,23.56137976,Classroom,Moderate,Female,44
Device_3,11/3/2024 21:50,1505,100,272,37,Cycling,0.936187084,27.99728783,Classroom,Low,Female,22
Device_6,11/7/2024 10:00,907,169,292,26,Sedentary,0.859943319,26.33262415,Gym,Low,Female,37
Device_3,11/5/2024 9:15,4836,70,412,15,Sedentary,0.867370076,21.74224243,Park,Moderate,Female,28
Device_3,11/4/2024 12:24,4294,88,377,14,Walking,0.87655688,26.1512,Track,Moderate,Female,27
Device_7,11/5/2024 16:48,1336,139,308,11,Sedentary,0.909457546,24.16682066,Gym,Low,Male,57
Device_7,11/6/2024 0:08,2214,132,129,43,Running,0.976871864,24.04663805,Classroom,Moderate,Female,55
Device_7,11/4/2024 13:00,1715,119,175,16,Sedentary,0.938028282,24.92228188,Track,Low,Male,23
Device_6,11/6/2024 0:42,860,172,372,45,Sedentary,0.862746854,23.8975112,Classroom,Low,Male,25
Device_1,11/3/2024 23:10,3402,97,256,21,Sedentary,0.938472218,22.97761671,Gym,Moderate,Female,40
Device_8,11/4/2024 20:44,826,86,341,42,Running,0.879986915,20.00567812,Track,Low,Male,64
Device_4,11/4/2024 20:57,1743,74,81,44,Cycling,0.932935277,27.55545718,Classroom,Low,Female,43
Device_10,11/7/2024 20:50,3953,88,60,22,Sedentary,0.978441654,29.4168724,Classroom,Moderate,Male,63
Device_7,11/5/2024 4:34,1233,82,162,41,Cycling,0.900721928,20.68485122,Park,Low,Female,60
Device_9,11/6/2024 9:36,1872,148,307,36,Sedentary,0.860499755,21.42257948,Classroom,Low,Male,29
Device_8,11/9/2024 2:51,278,146,319,35,Walking,0.973851605,22.03704392,Gym,Low,Female,43
Device_7,11/4/2024 0:20,3860,64,312,11,Walking,0.937982644,29.1006374,Track,Moderate,Female,30
Device_1,11/10/2024 1:30,2680,78,195,27,Cycling,0.986684298,29.81384636,Classroom,Moderate,Female,57
Device_5,11/5/2024 5:44,3458,167,106,54,Cycling,0.992336474,26.24639587,Track,Moderate,Female,35
Device_10,11/9/2024 4:39,4890,129,99,56,Sedentary,0.918451269,29.51730911,Park,Moderate,Female,42
Device_6,11/8/2024 7:12,2515,132,411,57,Sedentary,0.886357231,27.42844622,Classroom,Moderate,Male,50
Device_1,11/6/2024 19:01,4907,171,397,28,Sedentary,0.937266198,26.21050991,Track,Moderate,Male,64
Device_10,11/5/2024 6:40,1966,146,281,31,Cycling,0.904243045,22.38161978,Track,Low,Male,57
Device_7,11/4/2024 8:51,1224,124,165,18,Cycling,0.989901923,22.38490249,Track,Low,Female,60
Device_8,11/6/2024 19:58,1968,97,300,55,Running,0.973362915,26.48474946,Park,Low,Male,29
Device_2,11/9/2024 14:44,2601,84,83,11,Cycling,0.884428224,28.06638586,Track,Moderate,Female,61
Device_5,11/8/2024 2:12,1222,179,410,44,Sedentary,0.850570981,27.05363144,Park,Low,Female,53
Device_10,11/7/2024 4:20,3821,122,270,55,Running,0.988253608,27.72687618,Park,Moderate,Male,21
Device_3,11/6/2024 6:22,159,151,116,15,Sedentary,0.978115961,27.39872554,Park,Low,Male,22
Device_3,11/5/2024 23:12,2823,123,192,38,Running,0.947798497,21.44985063,Classroom,Moderate,Female,54
Device_5,11/5/2024 16:00,2404,144,401,35,Sedentary,0.90494391,26.65686649,Park,Moderate,Male,25
Device_1,11/7/2024 13:09,3026,75,353,27,Running,0.93584892,23.0641195,Gym,Moderate,Female,59
Device_2,11/9/2024 10:30,3678,98,352,29,Walking,0.869127573,25.10417719,Gym,Moderate,Female,45
Device_4,11/10/2024 1:59,2799,168,121,21,Walking,0.996476453,25.5720433,Gym,Moderate,Female,48
Device_8,11/8/2024 12:48,3768,146,122,37,Running,0.868931213,20.68167798,Classroom,Moderate,Female,26
Device_7,11/7/2024 22:06,4161,143,281,26,Running,0.94467388,21.69655529,Classroom,Moderate,Female,46
Device_6,11/7/2024 7:20,2868,170,420,15,Walking,0.962507387,22.6734883,Gym,Moderate,Male,31
Device_4,11/5/2024 2:35,3148,133,56,30,Running,0.944220941,23.06787754,Park,Moderate,Male,57
Device_7,11/4/2024 4:00,2485,121,59,26,Sedentary,0.951640783,21.4775779,Gym,Moderate,Female,58
Device_4,11/6/2024 17:06,1103,116,237,11,Walking,0.939719714,23.56922222,Park,Low,Female,39
Device_10,11/7/2024 16:18,4073,130,121,13,Walking,0.903788004,26.48638757,Track,Moderate,Male,28
Device_6,11/5/2024 18:45,865,77,151,17,Sedentary,0.925229377,28.92547851,Park,Low,Male,40
Device_2,11/4/2024 20:00,1762,86,279,50,Sedentary,0.935307093,24.64043811,Track,Low,Female,18
Device_4,11/7/2024 1:59,2813,176,428,36,Walking,0.951620136,21.05927629,Classroom,Moderate,Male,63
Device_3,11/9/2024 8:12,4772,145,63,30,Sedentary,0.978078719,23.75065164,Classroom,Moderate,Female,54
Device_9,11/5/2024 4:19,3321,64,94,18,Sedentary,0.93686931,25.88614866,Gym,Moderate,Male,38
Device_9,11/10/2024 0:32,3253,95,488,46,Walking,0.97252054,28.69806592,Track,Moderate,Female,43
Device_7,11/8/2024 18:00,986,84,387,52,Cycling,0.901899607,28.68050876,Track,Low,Male,63
Device_9,11/9/2024 2:10,3933,135,206,26,Cycling,0.889357646,22.68232497,Gym,Moderate,Female,53
Device_8,11/8/2024 3:14,1641,63,261,13,Cycling,0.960433337,25.34827435,Gym,Low,Male,40
Device_7,11/10/2024 18:00,250,170,193,28,Sedentary,0.960523788,21.5762196,Classroom,Low,Male,18
Device_7,11/9/2024 11:14,123,165,112,34,Sedentary,0.960740192,25.29666807,Gym,Low,Female,57
Device_2,11/9/2024 11:40,3888,73,78,34,Walking,0.989039533,20.99642027,Track,Moderate,Male,32
Device_2,11/7/2024 5:09,3730,142,123,49,Cycling,0.968080623,25.99439547,Park,Moderate,Female,38
Device_7,11/7/2024 13:20,4520,143,315,50,Cycling,0.887745565,29.10233994,Park,Moderate,Male,64
Device_5,11/7/2024 21:33,3590,150,271,11,Sedentary,0.954158783,22.60685489,Gym,Moderate,Female,26
Device_2,11/10/2024 21:00,102,90,470,13,Cycling,0.885752021,24.64707876,Gym,Low,Male,26
Device_1,11/9/2024 21:45,510,68,425,44,Sedentary,0.903322404,26.70397747,Gym,Low,Female,27
Device_6,11/7/2024 22:36,304,99,315,13,Running,0.998310977,28.7543374,Park,Low,Male,43
Device_9,11/7/2024 7:03,3551,85,139,34,Sedentary,0.92159423,21.14286907,Gym,Moderate,Female,58
Device_4,11/5/2024 23:30,4477,85,159,18,Walking,0.925206817,22.13212603,Gym,Moderate,Male,52
Device_2,11/10/2024 7:32,3773,72,484,26,Sedentary,0.964673356,28.42016967,Track,Moderate,Female,42
Device_3,11/7/2024 0:00,4009,140,163,39,Cycling,0.866810017,28.43257376,Track,Moderate,Female,43
Device_2,11/11/2024 0:30,3356,60,268,15,Running,0.863012466,22.41816426,Gym,Moderate,Female,28
Device_4,11/7/2024 8:38,586,135,180,42,Running,0.885683939,21.95699328,Classroom,Low,Male,55
Device_3,11/6/2024 8:48,2632,84,118,55,Sedentary,0.971496002,29.54922318,Classroom,Moderate,Female,19
Device_4,11/8/2024 9:28,3172,121,163,54,Sedentary,0.967978787,25.93189278,Park,Moderate,Male,24
Device_2,11/6/2024 1:15,1578,171,177,59,Running,0.870998749,27.21403018,Gym,Low,Female,35
Device_5,11/10/2024 2:42,4387,142,468,35,Running,0.864656008,23.32361098,Track,Moderate,Male,44
Device_6,11/11/2024 3:30,2405,74,76,35,Walking,0.934433999,26.13577529,Track,Moderate,Female,51
Device_4,11/10/2024 3:36,4584,71,456,46,Walking,0.94383154,25.91605413,Gym,Moderate,Male,44
Device_2,11/6/2024 10:24,3229,77,182,19,Sedentary,0.946068404,29.37171018,Gym,Moderate,Male,34
Device_9,11/8/2024 3:30,3,123,422,38,Walking,0.984430773,20.00863083,Gym,Low,Female,60
Device_3,11/10/2024 4:57,92,117,78,48,Sedentary,0.909398832,25.09828537,Track,Low,Male,61
Device_4,11/7/2024 3:36,1274,103,435,53,Walking,0.889189122,22.03413305,Classroom,Low,Male,41
Device_1,11/11/2024 6:30,2184,121,210,53,Cycling,0.925229945,20.52230713,Classroom,Moderate,Female,42
Device_10,11/6/2024 19:58,2298,144,146,32,Running,0.970717706,28.04347679,Classroom,Moderate,Male,24
Device_3,11/9/2024 14:15,2716,106,243,17,Sedentary,0.88608695,29.54468842,Park,Moderate,Male,23
Device_4,11/6/2024 20:32,2274,103,232,32,Sedentary,0.961480688,20.81040257,Gym,Moderate,Male,41
Device_7,11/8/2024 22:31,3675,106,440,35,Sedentary,0.978714841,22.57645097,Park,Moderate,Female,50
Device_2,11/10/2024 16:24,197,112,475,49,Sedentary,0.938691602,29.94638602,Gym,Low,Male,46
Device_8,11/10/2024 0:14,1545,100,104,51,Walking,0.855844327,24.51781442,Classroom,Low,Female,60
Device_9,11/8/2024 7:00,4266,95,131,31,Cycling,0.886587799,27.30349124,Classroom,Moderate,Male,39
Device_5,11/7/2024 14:39,4165,114,207,15,Walking,0.873405016,21.84308335,Gym,Moderate,Male,43
Device_9,11/8/2024 7:42,4115,151,460,29,Running,0.875542345,24.14415716,Track,Moderate,Male,45
Device_3,11/6/2024 22:31,563,154,288,36,Running,0.855521301,23.91054916,Park,Low,Female,38
Device_10,11/6/2024 6:00,4418,119,374,56,Cycling,0.868911518,25.64395727,Track,Moderate,Male,24
Device_7,11/6/2024 6:15,4568,98,476,47,Walking,0.952239538,25.82601365,Gym,Moderate,Male,34
Device_8,11/10/2024 11:42,4558,175,74,58,Running,0.87684443,28.13333316,Gym,Moderate,Female,37
Device_1,11/11/2024 13:30,207,108,286,54,Walking,0.941925373,22.34117899,Classroom,Low,Male,58
Device_6,11/9/2024 19:40,3781,177,340,50,Cycling,0.897742813,25.43821574,Classroom,Moderate,Female,37
Device_5,11/10/2024 4:34,641,171,319,55,Cycling,0.938272713,26.16584158,Classroom,Low,Female,39
Device_6,11/5/2024 6:00,4943,103,236,49,Walking,0.894531224,24.85513803,Gym,Moderate,Male,45
Device_7,11/8/2024 19:22,2574,92,82,34,Cycling,0.8836377,21.85930432,Gym,Moderate,Female,57
Device_4,11/6/2024 16:32,3772,121,373,39,Cycling,0.991024254,22.08310812,Gym,Moderate,Male,24
Device_5,11/7/2024 1:21,2509,137,413,59,Running,0.870315788,29.49767731,Track,Moderate,Female,18
Device_9,11/10/2024 6:44,1275,163,307,44,Walking,0.929588229,27.44093279,Park,Low,Female,49
Device_1,11/8/2024 12:15,4559,79,54,32,Walking,0.929830113,26.89030111,Classroom,Moderate,Male,30
Device_10,11/9/2024 5:48,4965,65,133,25,Cycling,0.944468409,29.44383223,Gym,Moderate,Female,47
Device_10,11/9/2024 14:48,1982,158,211,40,Sedentary,0.950771909,21.40880338,Classroom,Low,Female,40
Device_9,11/8/2024 4:40,2246,127,443,43,Walking,0.902079326,27.40207425,Track,Moderate,Female,36
Device_10,11/8/2024 22:18,4420,107,99,19,Running,0.977472345,24.90455512,Gym,Moderate,Female,49
Device_4,11/4/2024 14:40,1778,84,107,56,Running,0.995674338,22.88237225,Park,Low,Female,47
Device_3,11/4/2024 14:50,3304,162,248,18,Running,0.860292805,21.36837298,Track,Moderate,Male,46
Device_7,11/8/2024 23:24,4136,151,244,12,Running,0.98077789,23.80572299,Park,Moderate,Female,62
Device_3,11/9/2024 8:29,3253,103,423,38,Sedentary,0.916441072,27.22918188,Classroom,Moderate,Male,46
Device_5,11/7/2024 4:28,4394,69,319,56,Running,0.90536026,22.99045479,Track,Moderate,Female,47
Device_7,11/9/2024 9:15,388,123,204,23,Running,0.924540408,28.46007881,Park,Low,Male,33
Device_7,11/8/2024 16:06,2887,162,490,52,Sedentary,0.969421381,27.5181417,Classroom,Moderate,Male,57
Device_2,11/8/2024 16:27,2604,161,98,12,Cycling,0.95960041,23.77057591,Classroom,Moderate,Female,36
Device_10,11/5/2024 18:24,2487,178,173,46,Walking,0.895960969,26.74966524,Park,Moderate,Female,35
Device_10,11/8/2024 17:09,4112,78,151,30,Walking,0.853479893,21.24948577,Classroom,Moderate,Female,18
Device_4,11/10/2024 22:30,3382,98,164,17,Sedentary,0.986320637,24.43830346,Gym,Moderate,Male,31
Device_6,11/10/2024 22:57,3894,131,213,38,Running,0.879665466,26.96504165,Park,Moderate,Female,64
Device_3,11/6/2024 13:00,3939,145,345,57,Walking,0.899532773,22.30823783,Track,Moderate,Male,19
Device_8,11/6/2024 13:15,3720,85,405,22,Walking,0.947641967,21.35146851,Park,Moderate,Male,45
Device_8,11/6/2024 13:30,2695,98,147,55,Cycling,0.899896148,29.54072633,Track,Moderate,Male,47
Device_6,11/4/2024 17:10,4368,178,98,48,Walking,0.914890746,22.94711785,Classroom,Moderate,Female,55
Device_3,11/9/2024 4:32,3743,67,456,44,Running,0.95422201,27.65164445,Park,Moderate,Female,21
Device_8,11/9/2024 22:48,2045,120,307,50,Running,0.962350229,29.75761658,Gym,Moderate,Male,18
Device_6,11/6/2024 23:28,2743,124,158,40,Cycling,0.939979158,20.27230631,Track,Moderate,Male,25
Device_9,11/6/2024 23:44,2958,114,412,29,Running,0.896665175,26.60429524,Classroom,Moderate,Female,46
Device_3,11/6/2024 6:00,1617,65,333,24,Walking,0.995222474,20.58626652,Gym,Low,Male,56
Device_6,11/4/2024 18:10,2364,154,220,52,Walking,0.918655174,20.84105511,Gym,Moderate,Female,20
Device_8,11/10/2024 18:52,4195,100,260,45,Sedentary,0.903721814,29.62453827,Track,Moderate,Male,49
Device_4,11/10/2024 19:18,909,151,338,26,Running,0.935783661,20.56388976,Track,Low,Female,27
Device_1,11/5/2024 12:48,4603,81,60,35,Cycling,0.856986566,25.96309083,Classroom,Moderate,Male,27
Device_4,11/5/2024 22:05,1676,120,488,10,Sedentary,0.876139402,29.43884663,Classroom,Low,Female,36
Device_7,11/6/2024 16:30,1544,125,231,41,Running,0.923139626,26.45114006,Park,Low,Male,63
Device_2,11/11/2024 15:16,2048,110,429,19,Sedentary,0.857321965,22.86236905,Classroom,Moderate,Female,51
Device_5,11/10/2024 12:20,1949,140,99,58,Walking,0.913631831,23.95668744,Track,Low,Female,50
Device_10,11/7/2024 20:42,4251,127,149,29,Walking,0.940875882,22.61129486,Classroom,Moderate,Male,40
Device_9,11/6/2024 17:30,197,74,204,50,Cycling,0.905042807,29.46667787,Gym,Low,Male,45
Device_3,11/12/2024 11:30,3820,128,115,46,Sedentary,0.972727804,24.45066644,Classroom,Moderate,Female,49
Device_6,11/10/2024 23:12,3087,79,333,21,Sedentary,0.866742466,24.76475946,Gym,Moderate,Male,24
Device_9,11/10/2024 5:12,4331,85,221,23,Running,0.924016899,24.32173442,Park,Moderate,Female,46
Device_9,11/10/2024 14:50,3812,119,251,55,Sedentary,0.954632296,23.6616418,Gym,Moderate,Male,25
Device_10,11/5/2024 5:45,1292,159,150,59,Cycling,0.868522012,26.7611866,Classroom,Low,Female,18
Device_5,11/11/2024 10:12,2123,175,219,29,Walking,0.944702798,22.50612124,Park,Moderate,Female,20
Device_2,11/4/2024 20:50,4865,105,443,25,Sedentary,0.941066652,20.46932459,Track,Moderate,Female,41
Device_4,11/9/2024 21:54,3048,162,481,14,Sedentary,0.949609262,29.04445039,Classroom,Moderate,Female,40
Device_3,11/7/2024 23:42,20,125,363,45,Running,0.900786337,22.98396011,Classroom,Low,Female,25
Device_2,11/8/2024 9:20,425,123,199,22,Cycling,0.921573645,23.62147814,Classroom,Low,Female,64
Device_10,11/11/2024 3:06,4182,119,220,13,Walking,0.948605921,20.49441676,Park,Moderate,Male,54
Device_3,11/10/2024 18:10,3090,167,308,32,Cycling,0.877692916,26.57096437,Track,Moderate,Male,20
Device_9,11/8/2024 0:54,94,99,143,31,Walking,0.902804971,28.45957291,Track,Low,Male,50
Device_9,11/10/2024 0:12,131,82,74,38,Running,0.911753293,29.28014175,Gym,Low,Female,45
Device_8,11/6/2024 11:50,476,95,391,40,Running,0.954882691,23.2255888,Classroom,Low,Female,64
Device_9,11/6/2024 12:04,1333,172,225,30,Walking,0.911746073,28.03959993,Gym,Low,Female,25
Device_4,11/12/2024 19:30,1375,85,391,31,Cycling,0.923971923,28.78912428,Gym,Low,Female,51
Device_9,11/9/2024 16:16,2028,101,254,13,Sedentary,0.88434895,25.19780505,Park,Moderate,Male,52
Device_3,11/10/2024 21:05,1869,112,319,29,Sedentary,0.887891526,25.75639679,Park,Low,Male,49
Device_8,11/8/2024 12:30,1928,79,175,29,Cycling,0.922459857,21.10964986,Classroom,Low,Female,41
Device_9,11/12/2024 2:28,2857,122,76,24,Sedentary,0.862573161,27.91266449,Track,Moderate,Male,31
Device_9,11/7/2024 18:04,3804,143,113,31,Sedentary,0.936377884,28.71832885,Gym,Moderate,Male,49
Device_2,11/12/2024 3:24,597,108,263,13,Running,0.928374967,25.53242311,Park,Low,Female,63
Device_2,11/11/2024 18:18,4564,100,101,56,Sedentary,0.943245653,25.05181036,Classroom,Moderate,Male,60
Device_5,11/8/2024 23:40,1109,112,406,33,Cycling,0.970555964,21.69678247,Gym,Low,Female,33
Device_4,11/10/2024 4:48,635,157,169,49,Sedentary,0.974045409,23.82256489,Gym,Low,Male,21
Device_5,11/9/2024 0:20,979,114,409,16,Cycling,0.971415538,27.17303457,Gym,Low,Female,54
Device_7,11/8/2024 15:02,190,132,138,10,Running,0.997574511,24.39354069,Park,Low,Female,38
Device_2,11/5/2024 0:30,3671,175,426,50,Sedentary,0.939051532,24.45040816,Track,Moderate,Female,31
Device_2,11/7/2024 1:00,3413,118,333,55,Running,0.851747648,28.10577686,Gym,Moderate,Female,48
Device_4,11/5/2024 20:12,391,138,333,50,Sedentary,0.899615317,26.29259646,Track,Low,Male,35
Device_6,11/5/2024 1:00,2818,167,326,59,Walking,0.901476942,26.82999241,Gym,Moderate,Female,24
Device_6,11/7/2024 11:28,1515,76,347,44,Sedentary,0.859754969,29.12955557,Gym,Low,Female,27
Device_3,11/8/2024 7:12,2720,61,166,34,Walking,0.983079069,24.91644242,Classroom,Moderate,Female,24
Device_7,11/11/2024 3:45,4642,77,118,36,Walking,0.999168238,29.34937008,Park,Moderate,Male,50
Device_4,11/12/2024 19:14,3598,89,342,37,Running,0.975228387,26.99328549,Park,Moderate,Female,40
Device_4,11/6/2024 7:11,683,65,455,57,Sedentary,0.945800957,21.60691008,Park,Low,Male,38
Device_5,11/5/2024 2:00,4195,158,437,12,Walking,0.947091957,29.73933244,Track,Moderate,Female,36
Device_10,11/6/2024 17:26,4137,162,470,56,Sedentary,0.944501563,24.26148821,Classroom,Moderate,Male,36
Device_10,11/10/2024 0:20,887,67,445,28,Walking,0.870933263,23.35025968,Gym,Low,Male,53
Device_1,11/8/2024 9:18,1468,99,173,30,Cycling,0.964471701,24.58558787,Classroom,Low,Female,46
Device_6,11/11/2024 6:40,885,73,470,18,Cycling,0.986505039,26.455957,Classroom,Low,Male,35
Device_7,11/8/2024 0:01,4646,179,197,34,Cycling,0.991713997,20.90340053,Park,Moderate,Female,19
Device_3,11/9/2024 6:00,1581,73,145,26,Cycling,0.857574579,28.98282536,Track,Low,Female,18
Device_1,11/7/2024 14:40,1106,164,440,12,Cycling,0.855432486,23.01985577,Classroom,Low,Female,64
Device_4,11/5/2024 3:20,1003,164,222,13,Walking,0.997878238,25.73097233,Classroom,Low,Male,22
Device_10,11/12/2024 4:39,1506,102,173,29,Walking,0.924024679,29.28237198,Park,Low,Male,37
Device_5,11/5/2024 3:40,1231,166,400,57,Running,0.994160934,21.14309523,Track,Low,Female,28
Device_9,11/12/2024 5:33,4251,158,160,33,Running,0.92366112,26.2976744,Classroom,Moderate,Female,59
Device_4,11/13/2024 12:00,4778,68,282,44,Running,0.883583663,24.32188134,Classroom,Moderate,Male,19
Device_8,11/8/2024 12:18,1524,99,348,38,Sedentary,0.86210535,28.80040151,Gym,Low,Female,20
Device_5,11/5/2024 14:22,2808,140,100,13,Walking,0.989377432,27.21430098,Classroom,Moderate,Female,40
Device_5,11/8/2024 22:57,3274,165,180,37,Sedentary,0.922192221,23.2374807,Gym,Moderate,Female,29
Device_10,11/7/2024 17:04,3590,109,122,53,Running,0.945514402,29.19147955,Park,Moderate,Male,37
Device_8,11/9/2024 19:45,1383,70,483,55,Walking,0.984560888,21.43681469,Park,Low,Male,22
Device_4,11/12/2024 8:42,4805,73,64,59,Cycling,0.866225082,22.29396124,Classroom,Moderate,Male,54
Device_2,11/11/2024 23:02,2375,112,156,31,Walking,0.960005201,27.01547725,Park,Moderate,Female,55
Device_1,11/9/2024 20:48,4677,147,262,59,Running,0.934545908,20.54732615,Park,Moderate,Female,47
Device_1,11/7/2024 8:15,3068,171,439,17,Cycling,0.966047808,21.04976488,Classroom,Moderate,Female,26
Device_7,11/10/2024 17:50,4815,148,318,52,Sedentary,0.902839433,20.30684417,Park,Moderate,Male,51
Device_6,11/5/2024 16:01,3699,120,470,54,Running,0.851142185,26.21905096,Gym,Moderate,Female,61
Device_6,11/9/2024 1:48,4236,106,244,45,Running,0.875219911,22.71883451,Track,Moderate,Female,52
Device_8,11/9/2024 12:20,2220,82,145,23,Sedentary,0.923425256,29.55747224,Classroom,Moderate,Female,39
Device_3,11/5/2024 16:34,622,81,72,11,Sedentary,0.939199931,29.66152513,Track,Low,Female,61
Device_7,11/11/2024 6:00,2213,95,412,35,Cycling,0.868374782,20.58458664,Track,Moderate,Male,41
Device_4,11/12/2024 2:56,746,141,327,27,Walking,0.887776122,24.95410058,Classroom,Low,Male,34
Device_2,11/13/2024 10:13,3020,108,180,41,Walking,0.953564176,24.57495331,Classroom,Moderate,Female,27
Device_6,11/7/2024 0:12,1767,133,145,29,Cycling,0.911424427,21.38287295,Track,Low,Male,47
Device_2,11/8/2024 17:42,3925,136,479,42,Cycling,0.98967355,28.52510445,Track,Moderate,Male,63
Device_6,11/9/2024 4:20,224,96,100,45,Walking,0.853826075,22.33632108,Gym,Low,Female,40
Device_3,11/7/2024 0:54,4264,146,340,33,Walking,0.94565901,26.29005356,Track,Moderate,Female,49
Device_10,11/13/2024 23:00,4015,132,417,53,Cycling,0.852619984,25.94797111,Gym,Moderate,Male,34
Device_9,11/8/2024 8:31,294,148,484,42,Walking,0.937451358,28.78683808,Track,Low,Female,34
Device_5,11/11/2024 9:36,3971,101,214,50,Walking,0.910308031,27.98366479,Classroom,Moderate,Male,31
Device_5,11/11/2024 20:25,3179,100,453,12,Running,0.975576748,23.1740458,Classroom,Moderate,Female,26
Device_10,11/14/2024 1:00,2912,73,400,52,Walking,0.979125142,23.74544013,Classroom,Moderate,Male,57
Device_4,11/7/2024 23:12,1183,147,477,12,Sedentary,0.936753374,23.00418814,Classroom,Low,Female,19
Device_7,11/11/2024 11:12,4201,89,222,12,Running,0.905559246,29.60186338,Park,Moderate,Male,62
Device_9,11/7/2024 23:44,4775,179,136,17,Running,0.945266986,24.64423376,Park,Moderate,Male,42
Device_5,11/11/2024 12:00,4527,131,136,35,Sedentary,0.942247972,23.22110299,Gym,Moderate,Male,56
Device_3,11/8/2024 0:16,3105,70,407,31,Walking,0.885751333,25.94606686,Gym,Moderate,Female,26
Device_3,11/9/2024 8:08,1380,147,54,40,Sedentary,0.873895479,25.21738296,Gym,Low,Male,39
Device_6,11/9/2024 19:00,1630,74,249,59,Walking,0.892837804,24.54513717,Track,Low,Male,60
Device_4,11/5/2024 9:40,316,99,374,34,Running,0.930174079,25.90830446,Track,Low,Female,63
Device_7,11/10/2024 6:15,1590,68,178,21,Cycling,0.946311439,24.70234626,Track,Low,Female,21
Device_10,11/12/2024 1:00,3738,174,397,57,Running,0.870707181,28.0546207,Gym,Moderate,Male,43
Device_9,11/5/2024 20:47,1562,141,149,48,Running,0.972220837,20.09415752,Gym,Low,Male,46
Device_6,11/5/2024 20:58,4146,103,418,52,Cycling,0.99970957,20.98951599,Gym,Moderate,Female,62
Device_3,11/12/2024 12:54,572,104,200,46,Cycling,0.975371029,28.52960048,Park,Low,Female,51
Device_9,11/9/2024 21:20,3163,71,315,31,Sedentary,0.887613288,20.60530181,Park,Moderate,Female,40
Device_9,11/14/2024 8:30,1858,172,313,12,Sedentary,0.856836726,22.02453459,Gym,Low,Female,54
Device_3,11/7/2024 16:30,3579,178,102,49,Walking,0.974657613,21.42633389,Gym,Moderate,Female,28
Device_3,11/5/2024 11:10,1525,79,198,40,Cycling,0.891642303,29.33551832,Gym,Low,Male,23
Device_4,11/11/2024 6:52,3324,122,148,54,Cycling,0.921576271,25.79645499,Classroom,Moderate,Female,35
Device_4,11/12/2024 4:45,2712,160,163,14,Running,0.986669466,28.24607022,Classroom,Moderate,Male,38
Device_2,11/6/2024 9:12,256,156,399,52,Sedentary,0.968090056,29.15199513,Track,Low,Male,59
Device_7,11/7/2024 6:58,138,151,316,58,Sedentary,0.886731045,22.52177942,Track,Low,Male,53
Device_8,11/11/2024 19:12,4590,68,477,48,Walking,0.898794518,21.64828494,Park,Moderate,Female,58
Device_10,11/7/2024 7:26,3553,137,383,43,Cycling,0.906842377,22.78988533,Gym,Moderate,Male,55
Device_9,11/14/2024 2:10,4483,150,125,42,Running,0.983361455,24.99301128,Gym,Moderate,Male,51
Device_3,11/12/2024 7:15,2802,86,86,40,Cycling,0.993466939,22.55025089,Gym,Moderate,Female,34
Device_3,11/5/2024 23:32,951,135,141,49,Sedentary,0.919464017,28.0389819,Track,Low,Male,54
Device_9,11/12/2024 18:58,353,113,303,45,Cycling,0.865351437,27.07495874,Classroom,Low,Male,42
Device_5,11/7/2024 8:36,2271,64,312,10,Sedentary,0.907651141,20.91570091,Gym,Moderate,Female,55
Device_7,11/8/2024 6:40,1221,150,436,46,Cycling,0.909696834,20.31051124,Track,Low,Male,29
Device_5,11/7/2024 20:00,179,89,223,42,Running,0.919128343,21.76922518,Gym,Low,Male,40
Device_10,11/5/2024 13:30,1087,86,168,14,Walking,0.870296931,29.71302695,Gym,Low,Male,59
Device_10,11/9/2024 16:22,4497,146,257,56,Sedentary,0.978948356,20.93937526,Classroom,Moderate,Female,39
Device_9,11/12/2024 10:35,4783,121,130,34,Walking,0.891019759,29.04787958,Classroom,Moderate,Female,38
Device_6,11/8/2024 8:00,656,160,475,44,Running,0.853993939,22.61592526,Park,Low,Female,44
Device_7,11/7/2024 21:15,4637,88,240,34,Walking,0.985175601,23.41990728,Classroom,Moderate,Male,48
Device_7,11/6/2024 23:26,224,104,370,28,Cycling,0.982066658,21.04548935,Classroom,Low,Male,23
Device_8,11/11/2024 14:09,1957,87,145,33,Sedentary,0.889547462,24.30088523,Park,Low,Female,44
Device_10,11/14/2024 8:56,1112,143,396,37,Cycling,0.910694383,29.46521349,Classroom,Low,Male,57
Device_1,11/13/2024 11:15,3607,136,314,54,Cycling,0.896051831,28.15719565,Gym,Moderate,Male,51
Device_4,11/5/2024 15:00,3472,71,114,19,Sedentary,0.875141359,24.07654628,Park,Moderate,Female,29
Device_4,11/9/2024 19:13,2520,174,185,40,Sedentary,0.861595968,22.66231526,Park,Moderate,Female,62
Device_1,11/13/2024 23:44,1844,76,220,58,Cycling,0.942329513,23.91084076,Classroom,Low,Male,24
Device_4,11/7/2024 0:57,3432,149,413,35,Walking,0.898943095,28.37956994,Classroom,Moderate,Male,27
Device_6,11/9/2024 9:00,1057,151,368,32,Running,0.898749982,27.65533821,Track,Low,Male,62
Device_3,11/11/2024 6:02,1718,104,405,13,Walking,0.969125269,20.85962802,Classroom,Low,Female,34
Device_7,11/12/2024 16:00,4208,160,184,49,Walking,0.954097925,21.75455733,Classroom,Moderate,Female,43
Device_4,11/6/2024 3:23,1860,173,464,44,Running,0.907088431,21.84567374,Classroom,Low,Female,38
Device_1,11/13/2024 15:18,3893,117,412,27,Walking,0.898634394,27.53771063,Classroom,Moderate,Female,45
Device_5,11/11/2024 7:30,3329,130,106,59,Sedentary,0.895537341,25.03201933,Track,Moderate,Male,63
Device_2,11/10/2024 9:20,194,69,297,38,Running,0.934195865,23.15510307,Classroom,Low,Female,19
Device_2,11/15/2024 2:30,2714,152,383,54,Sedentary,0.895245019,28.63263316,Gym,Moderate,Female,60
Device_3,11/11/2024 8:36,138,126,237,20,Running,0.863094908,27.92138384,Gym,Low,Female,18
Device_8,11/11/2024 8:58,3262,164,293,13,Running,0.998546939,23.50514286,Gym,Moderate,Female,53
Device_2,11/13/2024 18:00,1677,118,440,12,Walking,0.989638428,21.58816129,Track,Low,Female,43
Device_7,11/14/2024 17:09,4721,137,368,17,Cycling,0.866608607,25.52723077,Track,Moderate,Male,46
Device_6,11/13/2024 7:32,4743,119,145,22,Walking,0.93131815,28.59054051,Track,Moderate,Male,38
Device_4,11/7/2024 3:59,2804,164,151,34,Sedentary,0.868717527,27.41104542,Track,Moderate,Female,28
Device_9,11/15/2024 6:00,2741,84,69,21,Running,0.932352752,26.75034246,Track,Moderate,Male,57
Device_2,11/8/2024 14:40,1537,131,430,50,Cycling,0.953795298,20.90931893,Track,Low,Female,28
Device_2,11/12/2024 10:24,1760,98,435,18,Running,0.929673683,20.38850155,Park,Low,Female,53
Device_8,11/7/2024 4:51,418,140,338,55,Sedentary,0.864545306,25.53934612,Classroom,Low,Male,56
Device_9,11/5/2024 18:40,2977,134,259,38,Sedentary,0.95192622,26.59470297,Track,Moderate,Male,57
Device_4,11/9/2024 3:13,565,168,53,28,Running,0.911596595,26.32932796,Park,Low,Female,52
Device_1,11/12/2024 0:30,3654,140,437,15,Sedentary,0.988336463,20.90007295,Classroom,Moderate,Female,51
Device_2,11/10/2024 14:20,1741,150,443,46,Walking,0.984628326,25.63648482,Track,Low,Female,64
Device_6,11/14/2024 22:28,3965,148,223,13,Running,0.938187082,22.39910538,Gym,Moderate,Male,41
Device_4,11/14/2024 22:57,3960,124,449,50,Cycling,0.906337858,25.10791451,Classroom,Moderate,Female,39
Device_10,11/6/2024 18:48,4729,107,103,55,Walking,0.950086251,25.94118538,Classroom,Moderate,Female,22
Device_9,11/12/2024 14:00,3634,61,286,23,Running,0.97403375,26.26923509,Track,Moderate,Female,50
Device_5,11/7/2024 6:48,1983,90,483,43,Cycling,0.912888776,25.21107414,Park,Low,Male,53
Device_2,11/10/2024 4:43,4373,174,459,16,Running,0.859334904,24.58017061,Track,Moderate,Female,64
Device_10,11/9/2024 5:46,2445,124,161,25,Sedentary,0.946842915,29.96390649,Track,Moderate,Female,37
Device_2,11/10/2024 5:21,575,137,488,44,Cycling,0.903668216,22.03446884,Classroom,Low,Male,36
Device_2,11/12/2024 4:20,1833,81,482,17,Running,0.861352899,24.92849446,Classroom,Low,Female,52
Device_7,11/12/2024 16:24,3643,138,257,57,Running,0.861366721,21.26097852,Classroom,Moderate,Female,60
Device_4,11/13/2024 4:30,3718,174,481,40,Sedentary,0.883954656,20.37315123,Gym,Moderate,Male,34
Device_4,11/10/2024 18:20,1147,66,363,49,Running,0.904536053,26.87364315,Track,Low,Female,62
Device_4,11/10/2024 18:40,1933,105,411,20,Running,0.891587657,28.11454268,Track,Low,Male,60
Device_8,11/13/2024 17:30,1686,128,418,57,Running,0.958475609,24.2536093,Gym,Low,Male,51
Device_1,11/9/2024 8:02,3499,172,85,30,Running,0.971525451,28.16045601,Classroom,Moderate,Female,26
Device_1,11/9/2024 8:19,91,143,403,41,Cycling,0.858303355,26.33456846,Gym,Low,Female,43
Device_4,11/5/2024 22:00,4416,128,113,50,Cycling,0.899517643,24.86526827,Track,Moderate,Female,19
Device_3,11/11/2024 19:58,3122,100,250,35,Cycling,0.93085422,28.35919273,Gym,Moderate,Female,26
Device_10,11/14/2024 19:20,4993,147,440,26,Running,0.961118032,20.23598207,Park,Moderate,Male,26
Device_7,11/11/2024 20:42,3234,116,318,41,Running,0.940079612,28.81990849,Park,Moderate,Female,57
Device_1,11/8/2024 10:00,1553,179,198,59,Walking,0.901869178,26.35274272,Track,Low,Male,34
Device_3,11/9/2024 10:01,4761,65,231,51,Sedentary,0.899799931,24.96788867,Gym,Moderate,Female,18
Device_5,11/9/2024 22:12,4190,74,257,50,Walking,0.892820752,20.72891823,Park,Moderate,Female,42
Device_2,11/7/2024 10:55,174,61,377,38,Sedentary,0.938506431,21.05586724,Track,Low,Female,60
Device_10,11/7/2024 11:08,3299,83,382,35,Walking,0.944169898,24.84813739,Classroom,Moderate,Male,57
Device_3,11/8/2024 23:12,919,113,385,55,Running,0.855069805,22.97987709,Track,Low,Female,59
Device_2,11/7/2024 11:34,3261,156,75,45,Sedentary,0.9038051,20.10725481,Classroom,Moderate,Female,42
Device_7,11/13/2024 23:34,4552,170,178,59,Cycling,0.905671606,20.28918408,Park,Moderate,Female,56
Device_7,11/8/2024 0:00,4105,150,202,20,Sedentary,0.946342843,22.13030676,Park,Moderate,Female,52
Device_3,11/12/2024 0:22,2653,154,155,38,Sedentary,0.904103434,24.8344703,Gym,Moderate,Male,20
Device_3,11/8/2024 0:28,2567,140,257,32,Sedentary,0.873472347,24.32228376,Park,Moderate,Female,54
Device_9,11/10/2024 0:54,1018,176,352,17,Walking,0.876447974,26.15544007,Park,Low,Male,61
Device_5,11/6/2024 12:44,2683,74,374,45,Cycling,0.937083125,29.02922187,Park,Moderate,Male,61
Device_2,11/11/2024 13:45,3073,177,225,25,Cycling,0.936193376,20.04906773,Classroom,Moderate,Male,47
Device_10,11/7/2024 13:18,4260,131,87,13,Walking,0.869988204,24.44467165,Park,Moderate,Male,55
Device_1,11/9/2024 13:59,1009,142,462,55,Running,0.930679152,24.89437299,Gym,Low,Male,51
Device_2,11/13/2024 15:20,4707,169,470,55,Running,0.871070832,25.79166199,Track,Moderate,Male,29
Device_7,11/15/2024 16:21,1904,117,119,31,Running,0.9006537,28.51413383,Classroom,Low,Female,36
Device_2,11/10/2024 15:10,4213,164,260,46,Walking,0.893016283,20.35713907,Track,Moderate,Male,54
Device_6,11/7/2024 2:12,1244,171,77,36,Sedentary,0.99370751,23.58213676,Park,Low,Male,61
Device_9,11/12/2024 16:36,4757,173,302,10,Cycling,0.902796915,28.51200251,Park,Moderate,Male,34
Device_3,11/11/2024 4:20,1675,149,363,15,Cycling,0.942441037,25.10321752,Park,Low,Female,27
Device_7,11/7/2024 15:02,4127,164,172,11,Walking,0.971204417,26.85579539,Park,Moderate,Female,64
Device_6,11/10/2024 4:30,3187,165,58,19,Cycling,0.962543404,29.64654668,Park,Moderate,Male,29
Device_6,11/6/2024 2:40,1666,95,202,12,Sedentary,0.870110875,26.93554463,Gym,Low,Female,33
Device_9,11/15/2024 20:13,2294,74,354,33,Running,0.988121076,25.45896846,Gym,Moderate,Male,41
Device_7,11/12/2024 18:54,1376,60,248,54,Running,0.867753475,20.04437703,Gym,Low,Male,36
Device_7,11/7/2024 3:48,2898,169,308,13,Walking,0.870198099,26.78963938,Park,Moderate,Female,25
Device_1,11/8/2024 4:40,950,172,189,14,Walking,0.999415438,29.1710868,Gym,Low,Male,48
Device_8,11/15/2024 22:09,1259,118,412,22,Sedentary,0.990175663,28.32715655,Gym,Low,Female,38
Device_3,11/11/2024 7:20,3451,146,396,24,Cycling,0.979100451,24.68752126,Park,Moderate,Female,34
Device_6,11/7/2024 4:36,4120,92,246,32,Sedentary,0.986417976,24.5440913,Track,Moderate,Male,40
Device_4,11/13/2024 22:00,965,90,184,24,Sedentary,0.888837564,25.75141947,Track,Low,Male,54
Device_5,11/13/2024 10:00,3529,112,186,14,Cycling,0.873890093,24.63705618,Classroom,Moderate,Female,33
Device_2,11/7/2024 5:12,3209,112,167,40,Running,0.977902888,22.04110566,Classroom,Moderate,Male,23
Device_3,11/7/2024 17:51,2815,174,476,43,Running,0.883469498,25.96697921,Track,Moderate,Male,25
Device_1,11/10/2024 8:24,469,167,339,11,Cycling,0.977150478,28.79700888,Park,Low,Male,42
Device_6,11/15/2024 13:32,1439,160,331,56,Cycling,0.987239428,23.99736691,Track,Low,Female,35
Device_6,11/13/2024 12:00,372,79,296,37,Cycling,0.996731459,24.786076,Track,Low,Female,42
Device_2,11/9/2024 8:16,4163,134,215,31,Running,0.950385419,20.99072448,Classroom,Moderate,Male,29
Device_8,11/13/2024 12:48,4151,149,379,34,Sedentary,0.853485466,23.09832939,Park,Moderate,Female,32
Device_7,11/11/2024 23:33,3709,122,407,44,Cycling,0.897733387,25.23125909,Gym,Moderate,Female,43
Device_3,11/10/2024 10:12,494,92,183,29,Sedentary,0.897758177,27.04161284,Gym,Low,Female,58
Device_4,11/9/2024 9:20,1369,168,231,58,Running,0.931062657,24.64305596,Park,Low,Female,62
Device_4,11/11/2024 12:00,3882,127,456,51,Running,0.885930997,27.16370056,Park,Moderate,Female,43
Device_10,11/16/2024 18:30,3499,86,164,11,Walking,0.856063775,29.05039163,Classroom,Moderate,Male,64
Device_3,11/15/2024 17:44,2118,89,446,49,Running,0.88600919,22.86426862,Track,Moderate,Male,49
Device_1,11/9/2024 10:24,1197,171,384,22,Running,0.935564363,29.52607328,Gym,Low,Male,27
Device_6,11/7/2024 8:00,2814,145,498,46,Running,0.955562424,21.86417876,Track,Moderate,Female,33
Device_5,11/13/2024 16:24,361,72,175,42,Running,0.962933947,20.64429553,Track,Low,Female,24
Device_9,11/9/2024 11:12,2127,166,389,36,Cycling,0.923371706,28.55183892,Classroom,Moderate,Male,34
Device_8,11/8/2024 10:02,4046,153,332,28,Running,0.85088034,20.90972774,Classroom,Moderate,Female,40
Device_1,11/11/2024 14:40,2293,141,358,59,Walking,0.974566564,23.73229474,Gym,Moderate,Male,43
Device_6,11/11/2024 15:00,844,134,447,14,Cycling,0.889391248,20.77294095,Track,Low,Male,38
Device_5,11/10/2024 13:48,2431,68,180,25,Running,0.908747103,25.05642417,Classroom,Moderate,Male,39
Device_2,11/12/2024 17:14,1132,75,74,52,Running,0.978122998,23.78775592,Gym,Low,Female,24
Device_8,11/11/2024 16:00,997,166,438,56,Walking,0.896568857,24.84241437,Park,Low,Female,31
Device_10,11/12/2024 17:58,3484,139,436,34,Running,0.869265084,26.65656786,Track,Moderate,Male,32
Device_4,11/11/2024 16:40,1572,124,286,49,Cycling,0.850150513,26.4174047,Gym,Low,Male,24
Device_8,11/16/2024 12:39,837,144,490,36,Running,0.978058971,21.09323309,Park,Low,Male,26
Device_2,11/10/2024 15:36,549,100,202,41,Sedentary,0.918904463,21.87732953,Classroom,Low,Male,25
Device_8,11/12/2024 19:26,739,88,135,51,Cycling,0.875007029,22.06433912,Track,Low,Female,40
Device_2,11/12/2024 19:48,2780,126,244,36,Running,0.938712962,20.28466643,Park,Moderate,Female,46
Device_9,11/13/2024 9:05,248,74,413,27,Running,0.996025053,28.82724933,Track,Low,Male,35
Device_10,11/11/2024 5:44,1112,73,444,41,Running,0.926140778,23.00797372,Gym,Low,Male,48
Device_1,11/8/2024 0:21,1637,133,123,15,Sedentary,0.869767411,25.36442237,Track,Low,Female,47
Device_9,11/7/2024 11:36,2842,150,52,30,Sedentary,0.913518573,27.00390831,Classroom,Moderate,Female,56
Device_9,11/6/2024 9:50,1223,163,77,49,Walking,0.936360875,26.97180301,Track,Low,Male,52
Device_7,11/10/2024 18:00,580,128,52,54,Sedentary,0.974105454,21.15950085,Track,Low,Male,35
Device_1,11/6/2024 10:10,4854,129,263,32,Sedentary,0.920377134,28.86300537,Gym,Moderate,Male,59
Device_7,11/9/2024 16:32,2097,178,248,53,Running,0.874605255,29.28102545,Gym,Moderate,Female,56
Device_8,11/16/2024 18:27,2548,110,203,34,Walking,0.94767541,25.0359503,Gym,Moderate,Female,34
Device_10,11/6/2024 10:40,4725,123,188,35,Cycling,0.989608124,27.92571892,Park,Moderate,Female,31
Device_4,11/8/2024 15:10,1999,142,280,29,Running,0.898355904,28.70295251,Track,Low,Male,48
Device_6,11/11/2024 22:00,4223,115,414,48,Sedentary,0.992357356,27.69177477,Gym,Moderate,Male,41
Device_8,11/9/2024 17:52,3403,82,379,58,Running,0.92375261,27.75109362,Gym,Moderate,Female,52
Device_1,11/16/2024 7:44,2559,150,99,30,Sedentary,0.888058037,22.85767648,Gym,Moderate,Female,61
Device_6,11/13/2024 1:18,3378,75,392,16,Sedentary,0.871317376,26.01685317,Track,Moderate,Male,62
Device_1,11/14/2024 17:10,2639,104,225,13,Sedentary,0.892515853,27.67173535,Track,Moderate,Female,51
Device_9,11/13/2024 15:13,2818,91,238,20,Walking,0.985570546,25.76866002,Classroom,Moderate,Female,20
Device_2,11/16/2024 9:36,2660,139,268,30,Running,0.892064865,22.75564914,Track,Moderate,Male,54
Device_10,11/7/2024 1:23,349,141,179,22,Running,0.898982966,20.1859924,Track,Low,Female,60
Device_5,11/11/2024 11:26,2707,109,171,47,Cycling,0.891111273,24.11531382,Park,Moderate,Male,57
Device_9,11/6/2024 12:30,2332,108,156,33,Running,0.968342491,20.39582508,Classroom,Moderate,Male,43
Device_4,11/12/2024 14:36,2139,96,430,59,Running,0.986572356,20.46479335,Park,Moderate,Male,40
Device_9,11/10/2024 23:06,2728,81,439,50,Running,0.958635664,29.17285425,Park,Moderate,Male,61
Device_9,11/7/2024 2:18,705,95,165,33,Running,0.861761501,20.03246326,Track,Low,Male,56
Device_3,11/13/2024 4:58,4633,72,399,56,Walking,0.937304629,22.84079244,Track,Moderate,Male,32
Device_2,11/16/2024 0:00,1979,128,466,26,Walking,0.981386083,21.98154403,Park,Low,Male,21
Device_8,11/11/2024 13:39,1276,67,84,47,Running,0.888426521,20.80819052,Track,Low,Female,46
Device_7,11/9/2024 8:30,2533,179,445,23,Cycling,0.937924809,22.62158659,Park,Moderate,Male,39
Device_10,11/17/2024 4:07,4794,160,174,54,Running,0.973474205,23.50382288,Track,Moderate,Male,42
Device_10,11/10/2024 11:48,3075,97,371,46,Running,0.888017649,24.03588839,Gym,Moderate,Female,30
Device_7,11/8/2024 19:50,4954,67,280,17,Running,0.914159152,26.72939762,Track,Moderate,Female,35
Device_10,11/16/2024 16:08,978,106,425,41,Walking,0.934744859,21.49977602,Classroom,Low,Female,50
Device_5,11/14/2024 10:48,1265,88,483,30,Walking,0.956579115,22.18634072,Track,Low,Male,33
Device_10,11/13/2024 21:44,1997,135,83,25,Sedentary,0.978350963,26.56119425,Classroom,Low,Female,62
Device_9,11/17/2024 20:30,1580,101,257,36,Cycling,0.880103227,24.78664248,Track,Low,Male,59
Device_9,11/16/2024 4:30,3999,165,347,43,Walking,0.990779603,25.99205576,Park,Moderate,Male,61
Device_8,11/10/2024 13:47,1022,146,335,15,Sedentary,0.890129013,25.70009133,Gym,Low,Male,19
Device_9,11/7/2024 4:52,1972,158,387,59,Running,0.933232209,27.69011357,Park,Low,Male,52
Device_2,11/7/2024 5:03,3172,104,105,43,Cycling,0.945227141,20.60256124,Park,Moderate,Female,59
Device_9,11/9/2024 11:30,2602,176,481,38,Running,0.873814494,27.47353538,Classroom,Moderate,Female,51
Device_5,11/13/2024 10:50,270,128,208,13,Sedentary,0.9921234,26.53811682,Track,Low,Male,47
Device_4,11/8/2024 22:24,3308,92,106,40,Running,0.87382585,24.51662611,Classroom,Moderate,Male,30
Device_8,11/14/2024 14:48,4285,95,448,10,Running,0.895532878,21.06135601,Classroom,Moderate,Male,30
Device_2,11/12/2024 8:40,2149,63,84,37,Running,0.934689449,26.03256163,Gym,Moderate,Female,35
Device_2,11/12/2024 9:00,2922,142,262,50,Walking,0.87666782,28.44906253,Park,Moderate,Male,49
Device_5,11/16/2024 9:00,4187,97,241,46,Running,0.852862825,22.83057369,Classroom,Moderate,Male,49
Device_6,11/10/2024 2:56,2166,156,345,23,Cycling,0.948036469,25.79773985,Classroom,Moderate,Female,52
Device_3,11/6/2024 17:00,931,153,393,27,Walking,0.946982338,25.00507822,Classroom,Low,Female,56
Device_3,11/7/2024 20:36,1720,126,213,21,Sedentary,0.942299419,25.36865643,Classroom,Low,Male,63
Device_3,11/9/2024 0:16,2825,149,394,22,Sedentary,0.962231974,22.29438788,Park,Moderate,Female,46
Device_9,11/8/2024 10:45,1067,117,421,47,Running,0.888390266,29.49140254,Track,Low,Female,46
Device_1,11/17/2024 15:14,260,140,445,31,Running,0.924836087,25.38706174,Gym,Low,Male,61
Device_5,11/17/2024 15:43,1695,65,182,28,Sedentary,0.921470403,29.33438897,Track,Low,Female,33
Device_3,11/9/2024 1:12,1879,121,206,50,Sedentary,0.857395968,27.86834546,Gym,Low,Male,61
Device_10,11/14/2024 19:36,2248,169,363,15,Running,0.99370649,21.67341512,Park,Moderate,Female,64
Device_10,11/18/2024 7:00,2766,162,192,37,Walking,0.925818584,28.61612184,Park,Moderate,Male,27
Device_10,11/9/2024 15:45,4143,100,50,42,Cycling,0.910176173,26.52803618,Park,Moderate,Male,47
Device_10,11/18/2024 8:00,1712,121,423,58,Running,0.855999047,22.19942944,Classroom,Low,Male,42
Device_4,11/16/2024 14:51,2908,76,160,50,Running,0.935399586,24.48952763,Classroom,Moderate,Female,56
Device_2,11/17/2024 19:06,3794,92,461,10,Walking,0.930538465,25.04620159,Gym,Moderate,Male,37
Device_7,11/9/2024 2:50,4182,124,195,56,Cycling,0.998108823,24.56908894,Park,Moderate,Female,22
Device_4,11/11/2024 10:48,3343,141,292,28,Sedentary,0.905212322,22.63232306,Gym,Moderate,Male,18
Device_1,11/11/2024 11:06,239,84,99,22,Walking,0.941798544,23.31294042,Track,Low,Male,47
Device_1,11/12/2024 15:20,4963,123,450,21,Running,0.928760685,26.64680814,Track,Moderate,Female,20
Device_9,11/16/2024 3:34,77,165,326,36,Running,0.993878053,26.45391032,Park,Low,Male,62
Device_6,11/12/2024 16:00,2889,129,415,54,Running,0.937370002,23.81911041,Classroom,Moderate,Male,31
Device_8,11/17/2024 22:29,1534,98,275,10,Cycling,0.959461673,29.06791406,Park,Low,Female,47
Device_3,11/7/2024 10:22,2698,160,497,56,Running,0.927299845,24.11834857,Park,Moderate,Male,21
Device_9,11/11/2024 12:54,2482,111,223,57,Sedentary,0.876574737,20.06507548,Park,Moderate,Male,35
Device_5,11/8/2024 0:48,4183,60,330,26,Cycling,0.93896333,24.96059639,Park,Moderate,Male,54
Device_6,11/16/2024 20:15,793,109,357,22,Cycling,0.851277797,26.67001388,Park,Low,Male,42
Device_2,11/18/2024 0:54,1927,61,70,43,Running,0.949560365,27.7745606,Park,Low,Female,18
Device_7,11/13/2024 8:27,4495,111,93,40,Cycling,0.879706575,21.83339207,Park,Moderate,Female,63
Device_6,11/15/2024 3:12,784,103,216,14,Sedentary,0.870515954,21.57174715,Gym,Low,Male,32
Device_6,11/12/2024 4:51,3989,60,82,24,Cycling,0.883342184,21.25113551,Park,Moderate,Female,26
Device_1,11/6/2024 21:40,3872,115,436,47,Walking,0.925000996,27.40167423,Park,Moderate,Male,32
Device_10,11/18/2024 17:30,3530,100,354,43,Sedentary,0.955463966,22.75584969,Park,Moderate,Female,41
Device_9,11/15/2024 4:48,3401,118,415,37,Walking,0.971593555,23.28486911,Park,Moderate,Male,21
Device_1,11/15/2024 19:25,1125,153,261,38,Walking,0.970175068,25.78048163,Track,Low,Male,29
Device_4,11/18/2024 19:00,676,110,364,55,Cycling,0.919079907,20.46789531,Track,Low,Male,54
Device_2,11/14/2024 1:30,2594,140,289,47,Walking,0.942819369,20.17331645,Gym,Moderate,Male,54
Device_5,11/10/2024 12:16,1490,171,359,18,Walking,0.971122304,29.64242015,Park,Low,Male,60
Device_9,11/13/2024 11:57,3441,118,216,31,Cycling,0.976459032,29.41796871,Track,Moderate,Male,23
Device_4,11/12/2024 7:42,4222,80,132,13,Walking,0.928605134,23.944806,Track,Moderate,Female,56
Device_7,11/12/2024 8:01,4385,147,444,56,Cycling,0.923124964,25.14245013,Park,Moderate,Male,63
Device_9,11/11/2024 3:40,492,127,123,17,Sedentary,0.940042671,27.06978609,Classroom,Low,Female,41
Device_2,11/10/2024 13:36,4724,94,170,34,Walking,0.905505189,23.39969549,Park,Moderate,Male,28
Device_4,11/7/2024 14:02,2489,81,475,50,Walking,0.872774799,28.07301165,Track,Moderate,Female,30
Device_4,11/18/2024 9:07,3342,80,330,12,Cycling,0.924244365,28.03636963,Park,Moderate,Female,51
Device_5,11/8/2024 4:48,3737,117,58,21,Sedentary,0.947839458,29.22071931,Track,Moderate,Female,42
Device_5,11/13/2024 0:20,3305,120,494,11,Walking,0.868911334,23.80360628,Gym,Moderate,Male,24
Device_8,11/7/2024 0:20,395,109,251,58,Cycling,0.992589204,28.35075029,Park,Low,Male,21
Device_10,11/10/2024 0:45,3027,137,230,43,Sedentary,0.856248959,29.66119389,Classroom,Moderate,Female,25
Device_9,11/7/2024 15:08,2553,116,378,19,Running,0.865888176,27.49457026,Gym,Moderate,Male,37
Device_7,11/7/2024 0:50,309,122,352,50,Running,0.918813782,22.5640385,Gym,Low,Female,46
Device_9,11/8/2024 20:30,3203,134,62,45,Running,0.952288239,29.51904762,Track,Moderate,Male,62
Device_6,11/8/2024 20:43,2907,84,159,43,Walking,0.872527318,23.06841729,Classroom,Moderate,Female,63
Device_5,11/11/2024 21:36,1291,81,445,15,Cycling,0.954612641,27.23799278,Track,Low,Female,27
Device_1,11/11/2024 21:54,2760,88,319,54,Cycling,0.986852681,26.09778711,Park,Moderate,Male,60
Device_2,11/14/2024 23:02,2553,68,463,53,Running,0.871518452,26.98846957,Track,Moderate,Female,51
Device_4,11/16/2024 4:35,3816,123,141,32,Running,0.958637813,23.99420198,Gym,Moderate,Male,43
Device_5,11/12/2024 13:24,2968,133,496,10,Sedentary,0.890557857,20.62058489,Gym,Moderate,Female,58
Device_9,11/13/2024 18:57,271,166,453,51,Running,0.950224753,23.71751645,Track,Low,Female,20
Device_6,11/7/2024 16:58,23,74,268,18,Cycling,0.967883035,24.24461698,Classroom,Low,Male,23
Device_6,11/10/2024 3:45,3092,164,163,19,Running,0.89685448,25.18955555,Classroom,Moderate,Male,22
Device_5,11/18/2024 2:40,2797,129,498,22,Cycling,0.98137354,22.07940427,Classroom,Moderate,Male,22
Device_10,11/12/2024 14:59,4805,69,93,59,Sedentary,0.984868904,29.00280846,Park,Moderate,Female,64
Device_6,11/12/2024 15:18,2984,96,207,44,Running,0.923871855,23.05339897,Gym,Moderate,Male,40
Device_3,11/18/2024 18:47,843,62,327,53,Walking,0.897728924,22.64570767,Park,Low,Female,26
Device_4,11/10/2024 19:44,2675,85,443,54,Walking,0.89203179,22.22479052,Track,Moderate,Female,52
Device_1,11/15/2024 18:00,4712,98,105,48,Sedentary,0.970728361,28.79837461,Park,Moderate,Male,37
Device_2,11/8/2024 23:58,4135,162,356,32,Walking,0.859471003,25.85384138,Track,Moderate,Male,59
Device_3,11/10/2024 5:45,347,169,159,26,Walking,0.95917507,23.20202745,Track,Low,Female,52
Device_9,11/13/2024 8:00,1019,153,207,16,Running,0.991405279,25.06015711,Classroom,Low,Female,35
Device_7,11/18/2024 6:52,1155,145,294,58,Running,0.90501532,24.75216179,Track,Low,Male,34
Device_9,11/15/2024 20:00,1154,177,55,55,Walking,0.874163579,26.49523511,Classroom,Low,Male,41
Device_1,11/17/2024 16:57,3125,134,55,27,Running,0.913060328,26.42314566,Classroom,Moderate,Male,20
Device_2,11/12/2024 3:36,3958,113,484,22,Sedentary,0.881328393,24.70273184,Gym,Moderate,Male,49
Device_6,11/12/2024 3:54,3320,99,177,15,Cycling,0.863281602,26.69095253,Track,Moderate,Male,52
Device_8,11/18/2024 9:12,4303,147,321,52,Sedentary,0.87920645,29.77014448,Track,Moderate,Female,55
Device_7,11/7/2024 20:05,2620,137,278,57,Sedentary,0.934576697,20.61153611,Gym,Moderate,Female,30
Device_8,11/7/2024 20:16,1276,79,149,40,Walking,0.982549392,27.12603633,Classroom,Low,Female,64
Device_8,11/17/2024 4:42,3667,176,307,11,Walking,0.861777328,23.7936886,Gym,Moderate,Female,42
Device_10,11/8/2024 11:36,285,87,87,11,Walking,0.870070676,29.31989158,Gym,Low,Male,26
Device_1,11/10/2024 23:44,4455,133,473,44,Cycling,0.858466285,26.29160274,Gym,Moderate,Male,21
Device_3,11/16/2024 15:00,2919,121,418,39,Sedentary,0.912128157,23.26739138,Park,Moderate,Male,31
Device_3,11/11/2024 0:16,3951,159,61,10,Walking,0.97781471,25.95492821,Classroom,Moderate,Female,54
Device_10,11/8/2024 12:24,8,111,303,11,Sedentary,0.911877632,28.8102381,Classroom,Low,Female,51
Device_4,11/14/2024 19:06,3613,165,54,44,Cycling,0.906543554,23.48957074,Park,Moderate,Male,28
Device_8,11/12/2024 7:12,1465,164,203,38,Cycling,0.966939856,21.84935503,Park,Low,Male,58
Device_7,11/9/2024 4:05,1236,82,322,27,Cycling,0.887026354,23.7324696,Classroom,Low,Female,20
Device_4,11/17/2024 23:42,1973,163,497,38,Cycling,0.980473921,22.5800416,Park,Low,Female,45
Device_1,11/18/2024 15:16,3605,135,414,43,Running,0.970492414,24.28482155,Park,Moderate,Male,46
Device_3,11/7/2024 7:20,3498,158,261,34,Walking,0.935926691,25.28665269,Classroom,Moderate,Male,26
Device_5,11/8/2024 13:48,2438,137,215,42,Running,0.896146291,25.68195274,Park,Moderate,Female,20
Device_7,11/12/2024 9:00,2782,62,272,19,Walking,0.949575136,24.47692866,Track,Moderate,Male,42
Device_1,11/13/2024 15:40,4027,147,400,58,Cycling,0.873925289,25.18984481,Track,Moderate,Male,51
Device_5,11/10/2024 12:00,1214,104,433,33,Running,0.998486816,26.5829882,Gym,Low,Male,29
Device_9,11/10/2024 12:15,997,96,333,53,Sedentary,0.870750701,21.30693996,Park,Low,Female,59
Device_6,11/20/2024 1:00,1258,159,177,28,Cycling,0.989751158,20.47232184,Classroom,Low,Female,26
Device_7,11/13/2024 17:00,4227,74,393,43,Walking,0.85426445,27.8235848,Gym,Moderate,Female,32
Device_7,11/14/2024 23:52,3555,78,149,38,Walking,0.950317458,23.38758027,Park,Moderate,Female,57
Device_2,11/11/2024 19:49,3435,85,294,59,Sedentary,0.953787101,21.37545884,Park,Moderate,Female,42
Device_7,11/8/2024 15:36,226,164,368,50,Running,0.969736579,26.50393064,Track,Low,Female,22
Device_2,11/18/2024 20:52,2221,84,362,53,Sedentary,0.859550087,21.36377719,Park,Moderate,Female,28
Device_7,11/15/2024 1:20,337,135,446,56,Cycling,0.887294854,29.36892788,Park,Low,Male,51
Device_10,11/8/2024 16:12,1452,164,228,39,Running,0.999286434,27.91553794,Track,Low,Male,41
Device_9,11/12/2024 12:36,1678,73,187,17,Walking,0.898861517,26.45612621,Park,Low,Male,32
Device_5,11/16/2024 9:12,3108,95,132,27,Walking,0.901688849,23.69327406,Gym,Moderate,Male,55
Device_8,11/12/2024 13:12,466,81,230,43,Walking,0.873126614,22.58351759,Track,Low,Male,25
Device_8,11/18/2024 8:15,1099,83,384,28,Walking,0.940721352,29.43342212,Classroom,Low,Male,22
Device_7,11/19/2024 0:08,2853,106,307,58,Sedentary,0.958980212,20.44308354,Gym,Moderate,Male,43
Device_5,11/11/2024 7:12,1235,124,448,14,Running,0.949729985,24.21910121,Classroom,Low,Female,35
Device_9,11/14/2024 12:48,4633,125,393,19,Running,0.875670766,27.6795481,Park,Moderate,Female,23
Device_6,11/13/2024 21:40,3395,166,155,39,Running,0.935919928,22.03854991,Park,Moderate,Male,54
Device_9,11/11/2024 23:30,654,142,463,55,Walking,0.857085652,27.64298129,Track,Low,Male,30
Device_2,11/10/2024 16:45,85,132,481,59,Cycling,0.852817718,29.36857424,Gym,Low,Female,45
Device_3,11/18/2024 11:24,458,123,294,11,Sedentary,0.894806341,25.55966834,Park,Low,Male,22
Device_2,11/10/2024 1:42,2836,77,261,30,Walking,0.988764505,28.11814496,Track,Moderate,Male,30
Device_1,11/18/2024 12:18,3781,67,120,17,Running,0.858437668,28.83327163,Classroom,Moderate,Female,34
Device_7,11/15/2024 6:50,478,109,180,20,Cycling,0.912569827,27.04407795,Gym,Low,Male,57
Device_1,11/7/2024 12:00,484,164,111,54,Running,0.984707925,26.35443889,Classroom,Low,Female,62
Device_1,11/10/2024 18:15,4159,177,167,18,Cycling,0.946010264,23.5221421,Park,Moderate,Male,49
Device_9,11/14/2024 16:18,2693,64,372,27,Running,0.929854705,22.08914129,Track,Moderate,Female,46
Device_10,11/11/2024 10:24,58,136,246,42,Running,0.917237225,27.79979681,Park,Low,Female,20
Device_8,11/11/2024 10:40,4482,112,285,17,Walking,0.942738304,24.27577913,Park,Moderate,Female,57
Device_9,11/12/2024 2:37,3513,147,287,44,Sedentary,0.953889328,26.62972782,Classroom,Moderate,Male,51
Device_2,11/12/2024 18:36,1125,164,157,41,Walking,0.947801084,21.13784594,Gym,Low,Female,57
Device_9,11/10/2024 4:02,1397,137,282,25,Walking,0.924966845,24.80490301,Track,Low,Male,44
Device_9,11/20/2024 0:16,3434,167,147,16,Running,0.961026507,23.6761066,Classroom,Moderate,Male,30
Device_9,11/17/2024 9:45,4965,119,215,33,Cycling,0.866565123,27.93202367,Classroom,Moderate,Male,62
Device_2,11/18/2024 1:56,3245,154,254,13,Walking,0.969242899,27.64855592,Gym,Moderate,Male,50
Device_9,11/18/2024 2:22,4660,174,188,23,Walking,0.953250953,25.454125,Track,Moderate,Female,23
Device_10,11/10/2024 5:12,1481,112,277,16,Cycling,0.978766622,20.38727361,Classroom,Low,Female,41
Device_5,11/19/2024 10:52,3978,107,435,21,Sedentary,0.857846115,29.69863364,Park,Moderate,Male,36
Device_10,11/20/2024 19:00,4729,104,461,19,Walking,0.976744219,28.0685841,Park,Moderate,Male,33
Device_9,11/18/2024 4:06,107,126,467,54,Walking,0.984813057,25.98810824,Gym,Low,Female,57
Device_3,11/20/2024 4:08,2116,111,58,16,Running,0.945879333,23.71108454,Park,Moderate,Male,45
Device_5,11/12/2024 6:01,189,92,131,19,Running,0.957073279,26.60730663,Park,Low,Female,50
Device_10,11/10/2024 6:36,335,119,105,24,Sedentary,0.888681713,23.41653277,Park,Low,Male,58
Device_6,11/20/2024 5:35,3276,161,462,43,Sedentary,0.860668739,25.74191629,Park,Moderate,Male,30
Device_9,11/18/2024 22:12,1472,166,177,27,Running,0.997339678,28.28640296,Classroom,Low,Female,60
Device_8,11/10/2024 23:15,3263,70,244,30,Cycling,0.917440797,28.49806804,Track,Moderate,Male,62
Device_3,11/19/2024 15:04,4737,61,61,24,Walking,0.864549842,29.89184664,Park,Moderate,Female,42
Device_3,11/10/2024 23:45,1563,131,100,32,Running,0.979279557,22.53404879,Classroom,Low,Male,59
Device_4,11/21/2024 0:00,1482,170,166,16,Cycling,0.874653491,27.86240881,Gym,Low,Male,53
Device_3,11/11/2024 0:15,4907,82,339,29,Running,0.930914986,25.63328075,Park,Moderate,Male,44
Device_6,11/14/2024 8:40,2615,168,294,11,Running,0.990601219,24.74386815,Gym,Moderate,Female,55
Device_9,11/9/2024 0:36,4917,127,151,23,Running,0.952956394,22.41166316,Gym,Moderate,Male,24
Device_6,11/11/2024 17:04,3904,83,389,28,Sedentary,0.961908944,20.44588543,Park,Moderate,Male,22
Device_7,11/8/2024 8:55,3892,175,67,13,Sedentary,0.897722771,27.41380233,Track,Moderate,Male,60
Device_5,11/8/2024 9:06,4163,74,279,12,Running,0.905619892,23.89580354,Park,Moderate,Male,62
Device_3,11/16/2024 10:41,334,66,363,33,Sedentary,0.956949611,22.85408121,Classroom,Low,Female,48
Device_9,11/9/2024 1:36,4658,108,175,27,Walking,0.959638844,27.18734497,Track,Moderate,Female,40
Device_10,11/9/2024 17:57,4777,122,130,31,Sedentary,0.942338234,24.44057974,Track,Moderate,Male,59
Device_3,11/19/2024 4:30,3561,68,421,36,Walking,0.984450743,29.73572399,Track,Moderate,Female,27
Device_2,11/10/2024 10:34,3175,160,467,41,Running,0.97671897,27.45356347,Park,Moderate,Male,49
Device_8,11/14/2024 12:00,3412,90,132,29,Walking,0.951657238,21.933954,Classroom,Moderate,Male,60
Device_10,11/11/2024 3:15,172,80,188,24,Walking,0.989445049,28.24273522,Gym,Low,Male,47
Device_7,11/13/2024 4:12,4585,84,435,23,Sedentary,0.960931308,26.75074313,Gym,Moderate,Female,56
Device_6,11/16/2024 13:45,3725,116,232,26,Running,0.881502029,25.54724863,Park,Moderate,Female,48
Device_2,11/17/2024 22:40,3924,123,349,25,Sedentary,0.891748943,29.94102197,Track,Moderate,Female,35
Device_1,11/20/2024 16:13,1252,82,412,34,Running,0.950465537,29.35992677,Track,Low,Female,53
Device_7,11/16/2024 14:54,1012,93,104,16,Sedentary,0.941650714,22.87081615,Park,Low,Female,19
Device_9,11/8/2024 11:29,2481,81,336,18,Cycling,0.914168396,21.99124601,Classroom,Moderate,Female,31
Device_1,11/13/2024 22:20,1538,145,323,27,Cycling,0.854018394,27.40531883,Track,Low,Female,30
Device_1,11/15/2024 7:21,4175,95,72,52,Sedentary,0.895052856,26.34988694,Classroom,Moderate,Female,46
Device_8,11/20/2024 2:16,658,70,279,41,Cycling,0.879980186,21.35406453,Track,Low,Female,29
Device_2,11/18/2024 1:35,218,73,407,21,Sedentary,0.878436718,26.7828363,Track,Low,Male,56
Device_7,11/7/2024 20:00,2642,155,370,38,Running,0.893238117,28.28282903,Classroom,Moderate,Female,19
Device_1,11/13/2024 23:55,3298,167,475,56,Running,0.921249523,21.37199287,Gym,Moderate,Female,49
Device_10,11/9/2024 5:12,4110,165,243,30,Running,0.923415369,22.47599373,Park,Moderate,Female,30
Device_10,11/21/2024 13:30,4868,103,113,52,Walking,0.984171279,21.90673118,Gym,Moderate,Female,63
Device_6,11/12/2024 15:56,296,169,371,47,Cycling,0.975759706,26.47810198,Track,Low,Female,44
Device_3,11/21/2024 14:30,982,158,188,38,Sedentary,0.961262521,20.68120685,Track,Low,Female,58
Device_2,11/14/2024 18:00,3416,142,445,44,Walking,0.872226525,23.80096699,Track,Moderate,Female,34
Device_7,11/12/2024 16:47,3827,62,446,10,Sedentary,0.850933045,27.21356047,Track,Moderate,Female,57
Device_4,11/10/2024 15:28,3348,110,476,32,Cycling,0.87574762,27.9593797,Gym,Moderate,Female,48
Device_7,11/19/2024 14:51,522,132,173,51,Cycling,0.895591316,23.34103579,Track,Low,Female,51
Device_6,11/21/2024 17:00,2325,117,339,43,Walking,0.965945027,24.61830772,Park,Moderate,Female,41
Device_10,11/14/2024 3:05,3805,80,406,46,Walking,0.864204414,22.24647021,Track,Moderate,Male,62
Device_7,11/9/2024 23:48,4666,82,487,44,Sedentary,0.904325333,21.26794877,Gym,Moderate,Male,52
Device_8,11/10/2024 0:01,664,112,332,50,Cycling,0.911629112,22.59312426,Park,Low,Female,23
Device_2,11/9/2024 7:36,2888,79,169,56,Cycling,0.99957408,23.18202063,Gym,Moderate,Female,36
Device_1,11/16/2024 6:18,2593,120,241,10,Running,0.870291493,23.682404,Track,Moderate,Male,47
